Time,Fg_Input,MS_S3.Freq_Grid,MS_S3.Sfb,MS_S3.VAn_RMS_Grid,MS_S3.Van_Grid,PCC_Control1.CB_faults,PCC_Control1.Fault,PCC_Control1.fault_fpu,PCC_Control1.fault_vpu,Vg_Input
-0.05,1.0,50.0,1.0,231.7977,201.46005,1.0,-1.0,1.0,1.0037135,1.0
-0.0495,1.0,50.0,1.0,231.7977,239.43376,1.0,-1.0,1.0,1.0037135,1.0
-0.049,1.0,50.0,1.0,231.7977,271.51184,1.0,-1.0,1.0,1.0037135,1.0
-0.0485,1.0,50.0,1.0,231.7977,296.9044,1.0,-1.0,1.0,1.0037135,1.0
-0.048,1.0,50.0,1.0,231.7977,314.98618,1.0,-1.0,1.0,1.0037135,1.0
-0.0475,1.0,50.0,1.0,231.7977,325.31192,1.0,-1.0,1.0,1.0037135,1.0
-0.047,1.0,50.0,1.0,231.7977,327.62744,1.0,-1.0,1.0,1.0037135,1.0
-0.0465,1.0,50.0,1.0,231.7977,321.87567,1.0,-1.0,1.0,1.0037135,1.0
-0.046,1.0,50.0,1.0,231.7977,308.19827,1.0,-1.0,1.0,1.0037135,1.0
-0.0455,1.0,50.0,1.0,231.7977,286.932,1.0,-1.0,1.0,1.0037135,1.0
-0.045,1.0,50.0,1.0,231.7977,258.6005,1.0,-1.0,1.0,1.0037135,1.0
-0.0445,1.0,50.0,1.0,231.7977,223.90141,1.0,-1.0,1.0,1.0037135,1.0
-0.044,1.0,50.0,1.0,231.7977,183.68913,1.0,-1.0,1.0,1.0037135,1.0
-0.0435,1.0,50.0,1.0,231.7977,138.9538,1.0,-1.0,1.0,1.0037135,1.0
-0.043,1.0,50.0,1.0,231.7977,90.796974,1.0,-1.0,1.0,1.0037135,1.0
-0.0425,1.0,50.0,1.0,231.7977,40.40441,1.0,-1.0,1.0,1.0037135,1.0
-0.042,1.0,50.0,1.0,231.7977,-10.983052,1.0,-1.0,1.0,1.0037135,1.0
-0.0415,1.0,50.0,1.0,231.7977,-62.10004,1.0,-1.0,1.0,1.0037135,1.0
-0.041,1.0,50.0,1.0,231.7977,-111.68794,1.0,-1.0,1.0,1.0037135,1.0
-0.0405,1.0,50.0,1.0,231.7977,-158.52571,1.0,-1.0,1.0,1.0037135,1.0
-0.04,1.0,50.0,1.0,231.7977,-201.46,1.0,-1.0,1.0,1.0037135,1.0
-0.0395,1.0,50.0,1.0,231.7977,-239.43379,1.0,-1.0,1.0,1.0037135,1.0
-0.039,1.0,50.0,1.0,231.7977,-271.51187,1.0,-1.0,1.0,1.0037135,1.0
-0.0385,1.0,50.0,1.0,231.7977,-296.9044,1.0,-1.0,1.0,1.0037135,1.0
-0.038,1.0,50.0,1.0,231.7977,-314.98615,1.0,-1.0,1.0,1.0037135,1.0
-0.0375,1.0,50.0,1.0,231.7977,-325.31195,1.0,-1.0,1.0,1.0037135,1.0
-0.037,1.0,50.0,1.0,231.7977,-327.62744,1.0,-1.0,1.0,1.0037135,1.0
-0.0365,1.0,50.0,1.0,231.7977,-321.8757,1.0,-1.0,1.0,1.0037135,1.0
-0.036,1.0,50.0,1.0,231.7977,-308.19824,1.0,-1.0,1.0,1.0037135,1.0
-0.0355,1.0,50.0,1.0,231.7977,-286.932,1.0,-1.0,1.0,1.0037135,1.0
-0.035,1.0,50.0,1.0,231.7977,-258.60052,1.0,-1.0,1.0,1.0037135,1.0
-0.0345,1.0,50.0,1.0,231.7977,-223.90138,1.0,-1.0,1.0,1.0037135,1.0
-0.034,1.0,50.0,1.0,231.7977,-183.68913,1.0,-1.0,1.0,1.0037135,1.0
-0.0335,1.0,50.0,1.0,231.7977,-138.95381,1.0,-1.0,1.0,1.0037135,1.0
-0.033,1.0,50.0,1.0,231.7977,-90.79698,1.0,-1.0,1.0,1.0037135,1.0
-0.0325,1.0,50.0,1.0,231.7977,-40.404434,1.0,-1.0,1.0,1.0037135,1.0
-0.032,1.0,50.0,1.0,231.7977,10.983042,1.0,-1.0,1.0,1.0037135,1.0
-0.0315,1.0,50.0,1.0,231.7977,62.100025,1.0,-1.0,1.0,1.0037135,1.0
-0.031,1.0,50.0,1.0,231.7977,111.68792,1.0,-1.0,1.0,1.0037135,1.0
-0.0305,1.0,50.0,1.0,231.7977,158.52571,1.0,-1.0,1.0,1.0037135,1.0
-0.03,1.0,50.0,1.0,231.7977,201.46004,1.0,-1.0,1.0,1.0037135,1.0
-0.0295,1.0,50.0,1.0,231.7977,239.43375,1.0,-1.0,1.0,1.0037135,1.0
-0.029,1.0,50.0,1.0,231.7977,271.51184,1.0,-1.0,1.0,1.0037135,1.0
-0.0285,1.0,50.0,1.0,231.7977,296.9044,1.0,-1.0,1.0,1.0037135,1.0
-0.028,1.0,50.0,1.0,231.7977,314.98618,1.0,-1.0,1.0,1.0037135,1.0
-0.0275,1.0,50.0,1.0,231.7977,325.31192,1.0,-1.0,1.0,1.0037135,1.0
-0.027,1.0,50.0,1.0,231.7977,327.62744,1.0,-1.0,1.0,1.0037135,1.0
-0.0265,1.0,50.0,1.0,231.7977,321.87573,1.0,-1.0,1.0,1.0037135,1.0
-0.026,1.0,50.0,1.0,231.7977,308.19827,1.0,-1.0,1.0,1.0037135,1.0
-0.0255,1.0,50.0,1.0,231.7977,286.93204,1.0,-1.0,1.0,1.0037135,1.0
-0.025,1.0,50.0,1.0,231.7977,258.6005,1.0,-1.0,1.0,1.0037135,1.0
-0.0245,1.0,50.0,1.0,231.7977,223.90143,1.0,-1.0,1.0,1.0037135,1.0
-0.024,1.0,50.0,1.0,231.7977,183.68913,1.0,-1.0,1.0,1.0037135,1.0
-0.0235,1.0,50.0,1.0,231.7977,138.95381,1.0,-1.0,1.0,1.0037135,1.0
-0.023,1.0,50.0,1.0,231.7977,90.79698,1.0,-1.0,1.0,1.0037135,1.0
-0.0225,1.0,50.0,1.0,231.7977,40.40444,1.0,-1.0,1.0,1.0037135,1.0
-0.022,1.0,50.0,1.0,231.7977,-10.983038,1.0,-1.0,1.0,1.0037135,1.0
-0.0215,1.0,50.0,1.0,231.7977,-62.10003,1.0,-1.0,1.0,1.0037135,1.0
-0.021,1.0,50.0,1.0,231.7977,-111.68789,1.0,-1.0,1.0,1.0037135,1.0
-0.0205,1.0,50.0,1.0,231.7977,-158.5257,1.0,-1.0,1.0,1.0037135,1.0
-0.02,1.0,50.0,1.0,231.7977,-201.45999,1.0,-1.0,1.0,1.0037135,1.0
-0.0195,1.0,50.0,1.0,231.7977,-239.43378,1.0,-1.0,1.0,1.0037135,1.0
-0.019,1.0,50.0,1.0,231.7977,-271.51184,1.0,-1.0,1.0,1.0037135,1.0
-0.0185,1.0,50.0,1.0,231.7977,-296.90436,1.0,-1.0,1.0,1.0037135,1.0
-0.018,1.0,50.0,1.0,231.7977,-314.98615,1.0,-1.0,1.0,1.0037135,1.0
-0.0175,1.0,50.0,1.0,231.7977,-325.31195,1.0,-1.0,1.0,1.0037135,1.0
-0.017,1.0,50.0,1.0,231.7977,-327.62747,1.0,-1.0,1.0,1.0037135,1.0
-0.0165,1.0,50.0,1.0,231.7977,-321.87567,1.0,-1.0,1.0,1.0037135,1.0
-0.016,1.0,50.0,1.0,231.7977,-308.19827,1.0,-1.0,1.0,1.0037135,1.0
-0.0155,1.0,50.0,1.0,231.7977,-286.932,1.0,-1.0,1.0,1.0037135,1.0
-0.015,1.0,50.0,1.0,231.7977,-258.60052,1.0,-1.0,1.0,1.0037135,1.0
-0.0145,1.0,50.0,1.0,231.7977,-223.9014,1.0,-1.0,1.0,1.0037135,1.0
-0.014,1.0,50.0,1.0,231.7977,-183.68915,1.0,-1.0,1.0,1.0037135,1.0
-0.0135,1.0,50.0,1.0,231.7977,-138.95381,1.0,-1.0,1.0,1.0037135,1.0
-0.013,1.0,50.0,1.0,231.7977,-90.79697,1.0,-1.0,1.0,1.0037135,1.0
-0.0125,1.0,50.0,1.0,231.7977,-40.40445,1.0,-1.0,1.0,1.0037135,1.0
-0.012,1.0,50.0,1.0,231.7977,10.983024,1.0,-1.0,1.0,1.0037135,1.0
-0.0115,1.0,50.0,1.0,231.7977,62.100006,1.0,-1.0,1.0,1.0037135,1.0
-0.011,1.0,50.0,1.0,231.7977,111.68792,1.0,-1.0,1.0,1.0037135,1.0
-0.0105,1.0,50.0,1.0,231.7977,158.5257,1.0,-1.0,1.0,1.0037135,1.0
-0.01,1.0,50.0,1.0,231.7977,201.46,1.0,-1.0,1.0,1.0037135,1.0
-0.0095,1.0,50.0,1.0,231.7977,239.43373,1.0,-1.0,1.0,1.0037135,1.0
-0.009,1.0,50.0,1.0,231.7977,271.51184,1.0,-1.0,1.0,1.0037135,1.0
-0.0085,1.0,50.0,1.0,231.7977,296.9044,1.0,-1.0,1.0,1.0037135,1.0
-0.008,1.0,50.0,1.0,231.7977,314.98615,1.0,-1.0,1.0,1.0037135,1.0
-0.0075,1.0,50.0,1.0,231.7977,325.31198,1.0,-1.0,1.0,1.0037135,1.0
-0.007,1.0,50.0,1.0,231.7977,327.62744,1.0,-1.0,1.0,1.0037135,1.0
-0.0065,1.0,50.0,1.0,231.7977,321.87573,1.0,-1.0,1.0,1.0037135,1.0
-0.006,1.0,50.0,1.0,231.7977,308.1983,1.0,-1.0,1.0,1.0037135,1.0
-0.0055,1.0,50.0,1.0,231.7977,286.93198,1.0,-1.0,1.0,1.0037135,1.0
-0.005,1.0,50.0,1.0,231.7977,258.60052,1.0,-1.0,1.0,1.0037135,1.0
-0.0045,1.0,50.0,1.0,231.7977,223.90144,1.0,-1.0,1.0,1.0037135,1.0
-0.004,1.0,50.0,1.0,231.7977,183.68915,1.0,-1.0,1.0,1.0037135,1.0
-0.0035,1.0,50.0,1.0,231.7977,138.95381,1.0,-1.0,1.0,1.0037135,1.0
-0.003,1.0,50.0,1.0,231.7977,90.797,1.0,-1.0,1.0,1.0037135,1.0
-0.0025,1.0,50.0,1.0,231.7977,40.404427,1.0,-1.0,1.0,1.0037135,1.0
-0.002,1.0,50.0,1.0,231.7977,-10.983024,1.0,-1.0,1.0,1.0037135,1.0
-0.0015,1.0,50.0,1.0,231.7977,-62.10002,1.0,-1.0,1.0,1.0037135,1.0
-0.001,1.0,50.0,1.0,231.7977,-111.687874,1.0,-1.0,1.0,1.0037135,1.0
-0.0005,1.0,50.0,1.0,231.7977,-158.52568,1.0,-1.0,1.0,1.0037135,1.0
0.0,0.93,50.0,1.0,231.7977,-199.03761,1.0,-1.0,0.99999994,1.0037135,1.0
0.0005,0.93,49.99994,1.0,231.7977,-234.93738,1.0,-1.0,0.99999875,1.0037135,1.0
0.001,0.93,49.99969,1.0,231.7977,-265.70953,1.0,-1.0,0.9999938,1.0037135,1.0
0.0015,0.93,49.999126,1.0,231.7977,-290.72855,1.0,-1.0,0.9999825,1.0037135,1.0
0.002,0.93,49.99814,1.0,231.7977,-309.49582,1.0,-1.0,0.99996275,1.0037135,1.0
0.0025,0.93,49.996628,1.0,231.7977,-321.64423,1.0,-1.0,0.9999326,1.0037135,1.0
0.003,0.93,49.99452,1.0,231.7977,-326.94284,1.0,-1.0,0.9998904,1.0037135,1.0
0.0035,0.93,49.991737,1.0,231.7977,-325.29807,1.0,-1.0,0.9998347,1.0037135,1.0
0.004,0.93,49.988224,1.0,231.7977,-316.75555,1.0,-1.0,0.99976444,1.0037135,1.0
0.0045,0.93,49.98393,1.0,231.7977,-301.49915,1.0,-1.0,0.9996786,1.0037135,1.0
0.005,0.93,49.978817,1.0,231.7977,-279.8517,1.0,-1.0,0.99957633,1.0037135,1.0
0.0055,0.93,49.97286,1.0,231.7977,-252.26877,1.0,-1.0,0.9994571,1.0037135,1.0
0.006,0.93,49.966026,1.0,231.7977,-219.33134,1.0,-1.0,0.9993205,1.0037135,1.0
0.0065,0.93,49.95831,1.0,231.7977,-181.73222,1.0,-1.0,0.99916613,1.0037135,1.0
0.007,0.93,49.9497,1.0,231.7977,-140.26624,1.0,-1.0,0.99899393,1.0037135,1.0
0.0075,0.93,49.940193,1.0,231.7977,-95.81167,1.0,-1.0,0.99880385,1.0037135,1.0
0.008,0.93,49.9298,1.0,231.7977,-49.31351,1.0,-1.0,0.99859595,1.0037135,1.0
0.0085,0.93,49.918518,1.0,231.7977,-1.7592012,1.0,-1.0,0.99837035,1.0037135,1.0
0.009,0.93,49.906372,1.0,231.7977,45.839115,1.0,-1.0,0.9981274,1.0037135,1.0
0.0095,0.93,49.893368,1.0,231.7977,92.46777,1.0,-1.0,0.99786735,1.0037135,1.0
0.01,0.93,49.87953,1.0,231.7977,137.13197,1.0,-1.0,0.99759066,1.0037135,1.0
0.0105,0.93,49.864883,1.0,231.7977,178.88017,1.0,-1.0,0.9972977,1.0037135,1.0
0.011,0.93,49.84945,1.0,231.7977,216.82286,1.0,-1.0,0.996989,1.0037135,1.0
0.0115,0.93,49.833256,1.0,231.7977,250.15175,1.0,-1.0,0.9966651,1.0037135,1.0
0.012,0.93,49.816334,1.0,231.7977,278.15573,1.0,-1.0,0.9963266,1.0037135,1.0
0.0125,0.93,49.798706,1.0,231.7977,300.23758,1.0,-1.0,0.9959741,1.0037135,1.0
0.013,0.93,49.78041,1.0,231.7977,315.9272,1.0,-1.0,0.99560815,1.0037135,1.0
0.0135,0.93,49.76147,1.0,231.7977,324.89026,1.0,-1.0,0.9952294,1.0037135,1.0
0.014,0.93,49.74193,1.0,231.7977,326.9352,1.0,-1.0,0.9948386,1.0037135,1.0
0.0145,0.93,49.72181,1.0,231.7977,322.017,1.0,-1.0,0.9944362,1.0037135,1.0
0.015,0.93,49.701145,1.0,231.7977,310.2401,1.0,-1.0,0.9940229,1.0037135,1.0
0.0155,0.93,49.67997,1.0,231.7977,291.85474,1.0,-1.0,0.9935994,1.0037135,1.0
0.016,0.93,49.658318,1.0,231.7977,267.25226,1.0,-1.0,0.9931663,1.0037135,1.0
0.0165,0.93,49.63621,1.0,231.7977,236.95448,1.0,-1.0,0.99272424,1.0037135,1.0
0.017,0.93,49.61369,1.0,231.7977,201.60611,1.0,-1.0,0.99227375,1.0037135,1.0
0.0175,0.93,49.590775,1.0,231.7977,161.95926,1.0,-1.0,0.9918155,1.0037135,1.0
0.018,0.93,49.5675,1.0,238.04257,118.85881,1.0,-1.0,0.99135005,1.0307546,1.0
0.0185,0.93,49.543896,1.0,238.04257,73.22087,1.0,-1.0,0.9908779,1.0307546,1.0
0.019,0.93,49.519985,1.0,238.04257,26.017197,1.0,-1.0,0.99039966,1.0307546,1.0
0.0195,0.93,49.495792,1.0,238.04257,-21.747343,1.0,-1.0,0.98991585,1.0307546,1.0
0.02,0.93,49.471344,1.0,238.04257,-69.054306,1.0,-1.0,0.98942685,1.0307546,1.0
0.0205,0.93,49.446663,1.0,238.04257,-114.89662,1.0,-1.0,0.98893327,1.0307546,1.0
0.021,0.93,49.421776,1.0,238.04257,-158.29797,1.0,-1.0,0.9884355,1.0307546,1.0
0.0215,0.93,49.396698,1.0,238.04257,-198.33395,1.0,-1.0,0.987934,1.0307546,1.0
0.022,0.93,49.371456,1.0,238.04257,-234.15034,1.0,-1.0,0.9874291,1.0307546,1.0
0.0225,0.93,49.34606,1.0,238.04257,-264.9835,1.0,-1.0,0.98692125,1.0307546,1.0
0.023,0.93,49.320538,1.0,238.04257,-290.17648,1.0,-1.0,0.98641074,1.0307546,1.0
0.0235,0.93,49.2949,1.0,238.04257,-309.19226,1.0,-1.0,0.985898,1.0307546,1.0
0.024,0.93,49.269165,1.0,238.04257,-321.62454,1.0,-1.0,0.9853833,1.0307546,1.0
0.0245,0.93,49.243343,1.0,238.04257,-327.2068,1.0,-1.0,0.98486686,1.0307546,1.0
0.025,0.93,49.217453,1.0,238.04257,-325.81976,1.0,-1.0,0.9843491,1.0307546,1.0
0.0255,0.93,49.191505,1.0,238.04257,-317.4923,1.0,-1.0,0.98383015,1.0307546,1.0
0.026,0.93,49.165512,1.0,238.04257,-302.40128,1.0,-1.0,0.9833103,1.0307546,1.0
0.0265,0.93,49.139484,1.0,238.04257,-280.866,1.0,-1.0,0.9827897,1.0307546,1.0
0.027,0.93,49.11343,1.0,238.04257,-253.34476,1.0,-1.0,0.98226863,1.0307546,1.0
0.0275,0.93,49.08736,1.0,238.04257,-220.42314,1.0,-1.0,0.9817472,1.0307546,1.0
0.028,0.93,49.06128,1.0,238.04257,-182.80292,1.0,-1.0,0.9812256,1.0307546,1.0
0.0285,0.93,49.0352,1.0,238.04257,-141.28346,1.0,-1.0,0.980704,1.0307546,1.0
0.029,0.93,49.009125,1.0,238.04257,-96.74893,1.0,-1.0,0.98018247,1.0307546,1.0
0.0295,0.93,48.98306,1.0,238.04257,-50.1477,1.0,-1.0,0.97966117,1.0307546,1.0
0.03,0.93,48.95701,1.0,238.04257,-2.4734228,1.0,-1.0,0.97914016,1.0307546,1.0
0.0305,0.93,48.930977,1.0,238.04257,45.259274,1.0,-1.0,0.9786196,1.0307546,1.0
0.031,0.93,48.904972,1.0,238.04257,92.03367,1.0,-1.0,0.97809947,1.0307546,1.0
0.0315,0.93,48.878994,1.0,238.04257,136.85342,1.0,-1.0,0.9775799,1.0307546,1.0
0.032,0.93,48.853046,1.0,238.04257,178.76242,1.0,-1.0,0.977061,1.0307546,1.0
0.0325,0.93,48.827133,1.0,238.04257,216.86763,1.0,-1.0,0.97654265,1.0307546,1.0
0.033,0.93,48.801254,1.0,238.04257,250.35728,1.0,-1.0,0.97602504,1.0307546,1.0
0.0335,0.93,48.77541,1.0,238.04257,278.51776,1.0,-1.0,0.97550815,1.0307546,1.0
0.034,0.93,48.7496,1.0,238.04257,300.7479,1.0,-1.0,0.97499204,1.0307546,1.0
0.0345,0.93,48.72383,1.0,238.04257,316.57297,1.0,-1.0,0.97447664,1.0307546,1.0
0.035,0.93,48.6981,1.0,238.04257,325.6557,1.0,-1.0,0.973962,1.0307546,1.0
0.0355,0.93,48.67241,1.0,238.04257,327.80212,1.0,-1.0,0.97344816,1.0307546,1.0
0.036,0.93,48.646755,1.0,238.04257,322.96597,1.0,-1.0,0.97293514,1.0307546,1.0
0.0365,0.93,48.62114,1.0,238.04257,311.24847,1.0,-1.0,0.97242284,1.0307546,1.0
0.037,0.93,48.595566,1.0,238.04257,292.89908,1.0,-1.0,0.9719113,1.0307546,1.0
0.0375,0.93,48.570026,1.0,238.04257,268.3083,1.0,-1.0,0.9714005,1.0307546,1.0
0.038,0.93,48.54452,1.0,233.13368,238.00021,1.0,-1.0,0.97089046,1.0094985,1.0
0.0385,0.93,48.519054,1.0,233.13368,202.61874,1.0,-1.0,0.9703811,1.0094985,1.0
0.039,0.93,48.49362,1.0,233.13368,162.91753,1.0,-1.0,0.9698724,1.0094985,1.0
0.0395,0.93,48.468224,1.0,233.13368,119.74197,1.0,-1.0,0.96936446,1.0094985,1.0
0.04,0.93,48.442856,1.0,233.13368,74.01295,1.0,-1.0,0.9688571,1.0094985,1.0
0.0405,0.93,48.41752,1.0,233.13368,26.703363,1.0,-1.0,0.9683504,1.0094985,1.0
0.041,0.93,48.392216,1.0,233.13368,-21.178919,1.0,-1.0,0.9678443,1.0094985,1.0
0.0415,0.93,48.366936,1.0,233.13368,-68.61399,1.0,-1.0,0.96733874,1.0094985,1.0
0.042,0.93,48.341686,1.0,233.13368,-114.59003,1.0,-1.0,0.9668337,1.0094985,1.0
0.0425,0.93,48.316463,1.0,233.13368,-158.12776,1.0,-1.0,0.9663292,1.0094985,1.0
0.043,0.93,48.29126,1.0,233.13368,-198.29979,1.0,-1.0,0.9658252,1.0094985,1.0
0.0435,0.93,48.266083,1.0,233.13368,-234.25037,1.0,-1.0,0.96532166,1.0094985,1.0
0.044,0.93,48.24093,1.0,233.13368,-265.21234,1.0,-1.0,0.96481854,1.0094985,1.0
0.0445,0.93,48.215794,1.0,233.13368,-290.52545,1.0,-1.0,0.96431583,1.0094985,1.0
0.045,0.93,48.190674,1.0,233.13368,-309.65063,1.0,-1.0,0.9638135,1.0094985,1.0
0.0455,0.93,48.165577,1.0,233.13368,-322.18033,1.0,-1.0,0.9633115,1.0094985,1.0
0.046,0.93,48.14049,1.0,233.13368,-327.8471,1.0,-1.0,0.96280986,1.0094985,1.0
0.0465,0.93,48.115425,1.0,233.13368,-326.52887,1.0,-1.0,0.96230847,1.0094985,1.0
0.047,0.93,48.09037,1.0,233.13368,-318.2539,1.0,-1.0,0.96180737,1.0094985,1.0
0.0475,0.93,48.065327,1.0,233.13368,-303.19843,1.0,-1.0,0.9613066,1.0094985,1.0
0.048,0.93,48.0403,1.0,233.13368,-281.68353,1.0,-1.0,0.96080595,1.0094985,1.0
0.0485,0.93,48.015278,1.0,233.13368,-254.16592,1.0,-1.0,0.9603056,1.0094985,1.0
0.049,0.93,47.99027,1.0,233.13368,-221.23209,1.0,-1.0,0.95980537,1.0094985,1.0
0.0495,0.93,47.965267,1.0,233.13368,-183.58362,1.0,-1.0,0.95930535,1.0094985,1.0
0.05,0.93,47.940273,1.0,233.13368,-142.02357,1.0,-1.0,0.9588055,1.0094985,1.0
0.0505,0.93,47.915287,1.0,233.13368,-97.43606,1.0,-1.0,0.9583058,1.0094985,1.0
0.051,0.93,47.89031,1.0,233.13368,-50.77104,1.0,-1.0,0.95780617,1.0094985,1.0
0.0515,0.93,47.865334,1.0,233.13368,-3.0227,1.0,-1.0,0.9573067,1.0094985,1.0
0.052,0.93,47.840363,1.0,233.13368,44.790478,1.0,-1.0,0.95680726,1.0094985,1.0
0.0525,0.93,47.815395,1.0,233.13368,91.65045,1.0,-1.0,0.95630795,1.0094985,1.0
0.053,0.93,47.790432,1.0,233.13368,136.55908,1.0,-1.0,0.95580864,1.0094985,1.0
0.0535,0.93,47.765472,1.0,233.13368,178.5597,1.0,-1.0,0.95530945,1.0094985,1.0
0.054,0.93,47.740513,1.0,233.13368,216.75641,1.0,-1.0,0.95481026,1.0094985,1.0
0.0545,0.93,47.715557,1.0,233.13368,250.33525,1.0,-1.0,0.9543112,1.0094985,1.0
0.055,0.93,47.6906,1.0,233.13368,278.5813,1.0,-1.0,0.95381206,1.0094985,1.0
0.0555,0.93,47.66565,1.0,233.13368,300.89297,1.0,-1.0,0.953313,1.0094985,1.0
0.056,0.93,47.640697,1.0,233.13368,316.7943,1.0,-1.0,0.9528139,1.0094985,1.0
0.0565,0.93,47.61574,1.0,233.13368,325.94586,1.0,-1.0,0.95231485,1.0094985,1.0
0.057,0.93,47.59079,1.0,233.13368,328.15314,1.0,-1.0,0.9518158,1.0094985,1.0
0.0575,0.93,47.565834,1.0,233.13368,323.3693,1.0,-1.0,0.9513167,1.0094985,1.0
0.058,0.93,47.540882,1.0,233.13368,311.69666,1.0,-1.0,0.95081764,1.0094985,1.0
0.0585,0.93,47.515926,1.0,233.13368,293.3826,1.0,-1.0,0.9503185,1.0094985,1.0
0.059,0.93,47.49097,1.0,230.87796,268.8179,1.0,-1.0,0.9498194,0.99973094,1.0
0.0595,0.93,47.466015,1.0,230.87796,238.52599,1.0,-1.0,0.94932026,0.99973094,1.0
0.06,0.93,47.441055,1.0,230.87796,203.15329,1.0,-1.0,0.9488211,0.99973094,1.0
0.0605,0.93,47.416096,1.0,230.87796,163.45216,1.0,-1.0,0.94832194,0.99973094,1.0
0.061,0.93,47.391136,1.0,230.87796,120.26873,1.0,-1.0,0.9478227,0.99973094,1.0
0.0615,0.93,47.366173,1.0,230.87796,74.523,1.0,-1.0,0.94732344,0.99973094,1.0
0.062,0.93,47.34121,1.0,230.87796,27.190952,1.0,-1.0,0.94682413,0.99973094,1.0
0.0625,0.93,47.316242,1.0,230.87796,-20.719988,1.0,-1.0,0.9463248,0.99973094,1.0
0.063,0.93,47.291275,1.0,230.87796,-68.18902,1.0,-1.0,0.9458255,0.99973094,1.0
0.0635,0.93,47.266304,1.0,230.87796,-114.205154,1.0,-1.0,0.9453261,0.99973094,1.0
0.064,0.93,47.241333,1.0,230.87796,-157.78687,1.0,-1.0,0.9448267,0.99973094,1.0
0.0645,0.93,47.216362,1.0,230.87796,-198.00586,1.0,-1.0,0.94432724,0.99973094,1.0
0.065,0.93,47.191387,1.0,230.87796,-234.00575,1.0,-1.0,0.94382775,0.99973094,1.0
0.0655,0.93,47.166412,1.0,230.87796,-265.02008,1.0,-1.0,0.94332826,0.99973094,1.0
0.066,0.93,47.141434,1.0,230.87796,-290.3874,1.0,-1.0,0.9428287,0.99973094,1.0
0.0665,0.93,47.116455,1.0,230.87796,-309.56693,1.0,-1.0,0.9423291,0.99973094,1.0
0.067,0.93,47.091476,1.0,230.87796,-322.1508,1.0,-1.0,0.9418295,0.99973094,1.0
0.0675,0.93,47.066494,1.0,230.87796,-327.8714,1.0,-1.0,0.9413299,0.99973094,1.0
0.068,0.93,47.04151,1.0,230.87796,-326.60706,1.0,-1.0,0.94083023,0.99973094,1.0
0.0685,0.93,47.016525,1.0,230.87796,-318.38385,1.0,-1.0,0.9403305,0.99973094,1.0
0.069,0.93,46.99154,1.0,230.87796,-303.37766,1.0,-1.0,0.9398308,0.99973094,1.0
0.0695,0.93,46.966553,1.0,230.87796,-281.90863,1.0,-1.0,0.93933105,0.99973094,1.0
0.07,0.93,46.941563,1.0,230.87796,-254.43512,1.0,-1.0,0.93883127,0.99973094,1.0
0.0705,0.93,46.916573,1.0,230.87796,-221.54121,1.0,-1.0,0.9383315,0.99973094,1.0
0.071,0.93,46.891582,1.0,230.87796,-183.92822,1.0,-1.0,0.93783164,0.99973094,1.0
0.0715,0.93,46.866592,1.0,230.87796,-142.39774,1.0,-1.0,0.93733186,0.99973094,1.0
0.072,0.93,46.8416,1.0,230.87796,-97.83577,1.0,-1.0,0.93683195,0.99973094,1.0
0.0725,0.93,46.816605,1.0,230.87796,-51.19067,1.0,-1.0,0.9363321,0.99973094,1.0
0.073,0.93,46.79161,1.0,230.87796,-3.4561837,1.0,-1.0,0.9358322,0.99973094,1.0
0.0735,0.93,46.766617,1.0,230.87796,44.350704,1.0,-1.0,0.9353323,0.99973094,1.0
0.074,0.93,46.74162,1.0,230.87796,91.21043,1.0,-1.0,0.9348324,0.99973094,1.0
0.0745,0.93,46.71662,1.0,230.87796,136.1252,1.0,-1.0,0.93433243,0.99973094,1.0
0.075,0.93,46.691624,1.0,230.87796,178.13863,1.0,-1.0,0.9338325,0.99973094,1.0
0.0755,0.93,46.666626,1.0,230.87796,216.35597,1.0,-1.0,0.93333256,0.99973094,1.0
0.076,0.93,46.64164,1.0,230.87796,249.9624,1.0,-1.0,0.93283284,0.99973094,1.0
0.0765,0.93,46.616802,1.0,230.87796,278.24194,1.0,-1.0,0.9323361,0.99973094,1.0
0.077,0.93,46.592316,1.0,230.87796,300.5929,1.0,-1.0,0.9318463,0.99973094,1.0
0.0775,0.93,46.568356,1.0,230.87796,316.53964,1.0,-1.0,0.9313671,0.99973094,1.0
0.078,0.93,46.54508,1.0,230.87796,325.7425,1.0,-1.0,0.9309015,0.99973094,1.0
0.0785,0.93,46.522614,1.0,230.87796,328.0048,1.0,-1.0,0.9304523,0.99973094,1.0
0.079,0.93,46.501083,1.0,230.87796,323.2792,1.0,-1.0,0.93002164,0.99973094,1.0
0.0795,0.93,46.480576,1.0,230.87796,311.6669,1.0,-1.0,0.9296115,0.99973094,1.0
0.08,0.93,46.461174,1.0,230.87796,293.41608,1.0,-1.0,0.9292235,0.99973094,1.0
0.0805,0.93,46.44294,1.0,231.29385,268.91452,1.0,-1.0,0.9288588,1.0015317,1.0
0.081,0.93,46.425922,1.0,231.29385,238.68481,1.0,-1.0,0.9285185,1.0015317,1.0
0.0815,0.93,46.410156,1.0,231.29385,203.37129,1.0,-1.0,0.9282031,1.0015317,1.0
0.082,0.93,46.395664,1.0,231.29385,163.72752,1.0,-1.0,0.9279133,1.0015317,1.0
0.0825,0.93,46.382465,1.0,231.29385,120.59695,1.0,-1.0,0.92764926,1.0015317,1.0
0.083,0.93,46.370552,1.0,231.29385,74.8986,1.0,-1.0,0.927411,1.0015317,1.0
0.0835,0.93,46.359924,1.0,231.29385,27.606028,1.0,-1.0,0.9271985,1.0015317,1.0
0.084,0.93,46.35057,1.0,231.29385,-20.271992,1.0,-1.0,0.9270114,1.0015317,1.0
0.0845,0.93,46.342464,1.0,231.29385,-67.71634,1.0,-1.0,0.92684925,1.0015317,1.0
0.085,0.93,46.33558,1.0,231.29385,-113.716515,1.0,-1.0,0.92671156,1.0015317,1.0
0.0855,0.93,46.329887,1.0,231.29385,-157.29301,1.0,-1.0,0.9265977,1.0015317,1.0
0.086,0.93,46.325344,1.0,231.29385,-197.51648,1.0,-1.0,0.9265069,1.0015317,1.0
0.0865,0.93,46.32192,1.0,231.29385,-233.53035,1.0,-1.0,0.92643833,1.0015317,1.0
0.087,0.93,46.319557,1.0,231.29385,-264.56805,1.0,-1.0,0.9263911,1.0015317,1.0
0.0875,0.93,46.318214,1.0,231.29385,-289.96902,1.0,-1.0,0.9263643,1.0015317,1.0
0.088,0.93,46.31785,1.0,231.29385,-309.1918,1.0,-1.0,0.926357,1.0015317,1.0
0.0885,0.93,46.3184,1.0,231.29385,-321.82657,1.0,-1.0,0.926368,1.0015317,1.0
0.089,0.93,46.319824,1.0,231.29385,-327.60498,1.0,-1.0,0.9263964,1.0015317,1.0
0.0895,0.93,46.322063,1.0,231.29385,-326.4045,1.0,-1.0,0.92644125,1.0015317,1.0
0.09,0.93,46.325066,1.0,231.29385,-318.25128,1.0,-1.0,0.9265013,1.0015317,1.0
0.0905,0.93,46.328777,1.0,231.29385,-303.31796,1.0,-1.0,0.92657554,1.0015317,1.0
0.091,0.93,46.33315,1.0,231.29385,-281.9235,1.0,-1.0,0.926663,1.0015317,1.0
0.0915,0.93,46.338127,1.0,231.29385,-254.52403,1.0,-1.0,0.9267625,1.0015317,1.0
0.092,0.93,46.34366,1.0,231.29385,-221.70427,1.0,-1.0,0.9268732,1.0015317,1.0
0.0925,0.93,46.349697,1.0,231.29385,-184.16223,1.0,-1.0,0.9269939,1.0015317,1.0
0.093,0.93,46.35619,1.0,231.29385,-142.69803,1.0,-1.0,0.9271238,1.0015317,1.0
0.0935,0.93,46.36309,1.0,231.29385,-98.19512,1.0,-1.0,0.9272618,1.0015317,1.0
0.094,0.93,46.370354,1.0,231.29385,-51.602776,1.0,-1.0,0.9274071,1.0015317,1.0
0.0945,0.93,46.377937,1.0,231.29385,-3.912466,1.0,-1.0,0.9275587,1.0015317,1.0
0.095,0.93,46.38579,1.0,231.29385,43.859856,1.0,-1.0,0.92771584,1.0015317,1.0
0.0955,0.93,46.393883,1.0,231.29385,90.69682,1.0,-1.0,0.92787766,1.0015317,1.0
0.096,0.93,46.40217,1.0,231.29385,135.59961,1.0,-1.0,0.92804337,1.0015317,1.0
0.0965,0.93,46.410614,1.0,231.29385,177.6121,1.0,-1.0,0.9282122,1.0015317,1.0
0.097,0.93,46.419178,1.0,231.29385,215.83997,1.0,-1.0,0.9283836,1.0015317,1.0
0.0975,0.93,46.427834,1.0,231.29385,249.46922,1.0,-1.0,0.9285567,1.0015317,1.0
0.098,0.93,46.436546,1.0,231.29385,277.783,1.0,-1.0,0.92873096,1.0015317,1.0
0.0985,0.93,46.44529,1.0,231.29385,300.17792,1.0,-1.0,0.9289058,1.0015317,1.0
0.099,0.93,46.454033,1.0,231.29385,316.17776,1.0,-1.0,0.92908067,1.0015317,1.0
0.0995,0.93,46.462753,1.0,231.29385,325.44214,1.0,-1.0,0.92925507,1.0015317,1.0
0.1,0.93,46.471424,1.0,231.29385,327.7739,1.0,-1.0,0.92942846,1.0015317,1.0
0.1005,0.93,46.480022,1.0,231.29385,323.1226,1.0,-1.0,0.9296005,1.0015317,1.0
0.101,0.93,46.488533,1.0,231.29385,311.588,1.0,-1.0,0.92977065,1.0015317,1.0
0.1015,0.93,46.49693,1.0,231.29385,293.41623,1.0,-1.0,0.9299386,1.0015317,1.0
0.102,0.93,46.505203,1.0,232.07925,268.9953,1.0,-1.0,0.9301041,1.0049326,1.0
0.1025,0.93,46.513332,1.0,232.07925,238.84413,1.0,-1.0,0.9302667,1.0049326,1.0
0.103,0.93,46.52131,1.0,232.07925,203.60556,1.0,-1.0,0.9304262,1.0049326,1.0
0.1035,0.93,46.529114,1.0,232.07925,164.03036,1.0,-1.0,0.9305823,1.0049326,1.0
0.104,0.93,46.53674,1.0,232.07925,120.96283,1.0,-1.0,0.9307348,1.0049326,1.0
0.1045,0.93,46.544178,1.0,232.07925,75.31921,1.0,-1.0,0.9308835,1.0049326,1.0
0.105,0.93,46.551414,1.0,232.07925,28.071852,1.0,-1.0,0.9310283,1.0049326,1.0
0.1055,0.93,46.55845,1.0,232.07925,-19.77287,1.0,-1.0,0.931169,1.0049326,1.0
0.106,0.93,46.56527,1.0,232.07925,-67.19457,1.0,-1.0,0.93130535,1.0049326,1.0
0.1065,0.93,46.571873,1.0,232.07925,-113.183784,1.0,-1.0,0.93143743,1.0049326,1.0
0.107,0.93,46.578255,1.0,232.07925,-156.76118,1.0,-1.0,0.9315651,1.0049326,1.0
0.1075,0.93,46.58441,1.0,232.07925,-196.99896,1.0,-1.0,0.93168825,1.0049326,1.0
0.108,0.93,46.59034,1.0,232.07925,-233.03902,1.0,-1.0,0.9318068,1.0049326,1.0
0.1085,0.93,46.596043,1.0,232.07925,-264.1137,1.0,-1.0,0.9319208,1.0049326,1.0
0.109,0.93,46.601513,1.0,232.07925,-289.5617,1.0,-1.0,0.93203026,1.0049326,1.0
0.1095,0.93,46.60675,1.0,232.07925,-308.8415,1.0,-1.0,0.93213505,1.0049326,1.0
0.11,0.93,46.61176,1.0,232.07925,-321.54202,1.0,-1.0,0.93223524,1.0049326,1.0
0.1105,0.93,46.61654,1.0,232.07925,-327.39215,1.0,-1.0,0.9323308,1.0049326,1.0
0.111,0.93,46.62109,1.0,232.07925,-326.26797,1.0,-1.0,0.93242186,1.0049326,1.0
0.1115,0.93,46.625416,1.0,232.07925,-318.19382,1.0,-1.0,0.93250835,1.0049326,1.0
0.112,0.93,46.629517,1.0,232.07925,-303.34225,1.0,-1.0,0.93259037,1.0049326,1.0
0.1125,0.93,46.633396,1.0,232.07925,-282.02835,1.0,-1.0,0.932668,1.0049326,1.0
0.113,0.93,46.63706,1.0,232.07925,-254.70677,1.0,-1.0,0.93274117,1.0049326,1.0
0.1135,0.93,46.640503,1.0,232.07925,-221.95973,1.0,-1.0,0.93281007,1.0049326,1.0
0.114,0.93,46.643738,1.0,232.07925,-184.48578,1.0,-1.0,0.93287474,1.0049326,1.0
0.1145,0.93,46.646763,1.0,232.07925,-143.08194,1.0,-1.0,0.9329353,1.0049326,1.0
0.115,0.93,46.649586,1.0,232.07925,-98.63039,1.0,-1.0,0.93299174,1.0049326,1.0
0.1155,0.93,46.65221,1.0,232.07925,-52.078,1.0,-1.0,0.9330442,1.0049326,1.0
0.116,0.93,46.654636,1.0,232.07925,-4.4176326,1.0,-1.0,0.9330927,1.0049326,1.0
0.1165,0.93,46.65687,1.0,232.07925,43.336403,1.0,-1.0,0.9331374,1.0049326,1.0
0.117,0.93,46.65892,1.0,232.07925,90.16702,1.0,-1.0,0.93317837,1.0049326,1.0
0.1175,0.93,46.660786,1.0,232.07925,135.07695,1.0,-1.0,0.93321574,1.0049326,1.0
0.118,0.93,46.662476,1.0,232.07925,177.10849,1.0,-1.0,0.93324953,1.0049326,1.0
0.1185,0.93,46.663994,1.0,232.07925,215.36649,1.0,-1.0,0.9332799,1.0049326,1.0
0.119,0.93,46.665344,1.0,232.07925,249.03658,1.0,-1.0,0.9333069,1.0049326,1.0
0.1195,0.93,46.666527,1.0,232.07925,277.4019,1.0,-1.0,0.9333306,1.0049326,1.0
0.12,0.93,46.667557,1.0,232.07925,299.85764,1.0,-1.0,0.9333511,1.0049326,1.0
0.1205,0.93,46.66843,1.0,232.07925,315.92505,1.0,-1.0,0.9333686,1.0049326,1.0
0.121,0.93,46.669155,1.0,232.07925,325.26254,1.0,-1.0,0.9333831,1.0049326,1.0
0.1215,0.93,46.669735,1.0,232.07925,327.6714,1.0,-1.0,0.9333947,1.0049326,1.0
0.122,0.93,46.670174,1.0,232.07925,323.10068,1.0,-1.0,0.9334035,1.0049326,1.0
0.1225,0.93,46.67048,1.0,232.07925,311.64658,1.0,-1.0,0.9334096,1.0049326,1.0
0.123,0.93,46.670654,1.0,232.07925,293.55356,1.0,-1.0,0.933413,1.0049326,1.0
0.1235,0.93,46.6707,1.0,231.6484,269.20746,1.0,-1.0,0.933414,1.003067,1.0
0.124,0.93,46.670624,1.0,231.6484,239.12753,1.0,-1.0,0.9334125,1.003067,1.0
0.1245,0.93,46.670433,1.0,231.6484,203.95331,1.0,-1.0,0.9334086,1.003067,1.0
0.125,0.93,46.670124,1.0,231.6484,164.43431,1.0,-1.0,0.9334025,1.003067,1.0
0.1255,0.93,46.66971,1.0,231.6484,121.41237,1.0,-1.0,0.9333942,1.003067,1.0
0.126,0.93,46.669186,1.0,231.6484,75.805115,1.0,-1.0,0.93338376,1.003067,1.0
0.1265,0.93,46.668564,1.0,231.6484,28.582994,1.0,-1.0,0.93337125,1.003067,1.0
0.127,0.93,46.667843,1.0,231.6484,-19.248177,1.0,-1.0,0.9333568,1.003067,1.0
0.1275,0.93,46.667027,1.0,231.6484,-66.669716,1.0,-1.0,0.9333405,1.003067,1.0
0.128,0.93,46.66612,1.0,231.6484,-112.67024,1.0,-1.0,0.93332237,1.003067,1.0
0.1285,0.93,46.665127,1.0,231.6484,-156.27042,1.0,-1.0,0.9333025,1.003067,1.0
0.129,0.93,46.66405,1.0,231.6484,-196.54181,1.0,-1.0,0.933281,1.003067,1.0
0.1295,0.93,46.662895,1.0,231.6484,-232.62698,1.0,-1.0,0.9332579,1.003067,1.0
0.13,0.93,46.661663,1.0,231.6484,-263.75638,1.0,-1.0,0.93323326,1.003067,1.0
0.1305,0.93,46.660355,1.0,231.6484,-289.2667,1.0,-1.0,0.9332071,1.003067,1.0
0.131,0.93,46.65898,1.0,231.6484,-308.61505,1.0,-1.0,0.9331796,1.003067,1.0
0.1315,0.93,46.657536,1.0,231.6484,-321.38968,1.0,-1.0,0.9331507,1.003067,1.0
0.132,0.93,46.65603,1.0,231.6484,-327.31824,1.0,-1.0,0.9331206,1.003067,1.0
0.1325,0.93,46.65446,1.0,231.6484,-326.27356,1.0,-1.0,0.9330892,1.003067,1.0
0.133,0.93,46.652836,1.0,231.6484,-318.27838,1.0,-1.0,0.9330567,1.003067,1.0
0.1335,0.93,46.651154,1.0,231.6484,-303.50336,1.0,-1.0,0.9330231,1.003067,1.0
0.134,0.93,46.649418,1.0,231.6484,-282.2637,1.0,-1.0,0.9329884,1.003067,1.0
0.1345,0.93,46.647636,1.0,231.6484,-255.01054,1.0,-1.0,0.9329527,1.003067,1.0
0.135,0.93,46.645805,1.0,231.6484,-222.3248,1.0,-1.0,0.93291605,1.003067,1.0
0.1355,0.93,46.64393,1.0,231.6484,-184.90285,1.0,-1.0,0.93287855,1.003067,1.0
0.136,0.93,46.64201,1.0,231.6484,-143.54285,1.0,-1.0,0.93284017,1.003067,1.0
0.1365,0.93,46.64005,1.0,231.6484,-99.12456,1.0,-1.0,0.932801,1.003067,1.0
0.137,0.93,46.638054,1.0,231.6484,-52.594337,1.0,-1.0,0.9327611,1.003067,1.0
0.1375,0.93,46.636024,1.0,231.6484,-4.9431734,1.0,-1.0,0.9327205,1.003067,1.0
0.138,0.93,46.63396,1.0,231.6484,42.812664,1.0,-1.0,0.9326792,1.003067,1.0
0.1385,0.93,46.631863,1.0,231.6484,89.656624,1.0,-1.0,0.9326373,1.003067,1.0
0.139,0.93,46.62974,1.0,231.6484,134.59106,1.0,-1.0,0.93259484,1.003067,1.0
0.1395,0.93,46.62759,1.0,231.6484,176.65918,1.0,-1.0,0.9325518,1.003067,1.0
0.14,0.93,46.625416,1.0,231.6484,214.96376,1.0,-1.0,0.9325083,1.003067,1.0
0.1405,0.93,46.62322,1.0,231.6484,248.68886,1.0,-1.0,0.93246436,1.003067,1.0
0.141,0.93,46.621,1.0,231.6484,277.1166,1.0,-1.0,0.93242,1.003067,1.0
0.1415,0.93,46.618763,1.0,231.6484,299.6417,1.0,-1.0,0.93237525,1.003067,1.0
0.142,0.93,46.61651,1.0,231.6484,315.7839,1.0,-1.0,0.9323302,1.003067,1.0
0.1425,0.93,46.61424,1.0,231.6484,325.1987,1.0,-1.0,0.93228483,1.003067,1.0
0.143,0.93,46.611958,1.0,231.6484,327.68594,1.0,-1.0,0.9322392,1.003067,1.0
0.1435,0.93,46.609665,1.0,231.6484,323.19293,1.0,-1.0,0.9321933,1.003067,1.0
0.144,0.93,46.60736,1.0,231.6484,311.81577,1.0,-1.0,0.9321472,1.003067,1.0
0.1445,0.93,46.60505,1.0,231.6484,293.7955,1.0,-1.0,0.93210095,1.003067,1.0
0.145,0.93,46.60273,1.0,231.5364,269.51636,1.0,-1.0,0.9320546,1.0025821,1.0
0.1455,0.93,46.600407,1.0,231.5364,239.49571,1.0,-1.0,0.93200815,1.0025821,1.0
0.146,0.93,46.59808,1.0,231.5364,204.37398,1.0,-1.0,0.9319616,1.0025821,1.0
0.1465,0.93,46.59575,1.0,231.5364,164.89793,1.0,-1.0,0.931915,1.0025821,1.0
0.147,0.93,46.59342,1.0,231.5364,121.90865,1.0,-1.0,0.9318684,1.0025821,1.0
0.1475,0.93,46.591087,1.0,231.5364,76.32185,1.0,-1.0,0.93182176,1.0025821,1.0
0.148,0.93,46.58876,1.0,231.5364,29.109833,1.0,-1.0,0.9317752,1.0025821,1.0
0.1485,0.93,46.586437,1.0,231.5364,-18.722675,1.0,-1.0,0.9317287,1.0025821,1.0
0.149,0.93,46.584118,1.0,231.5364,-66.15687,1.0,-1.0,0.93168235,1.0025821,1.0
0.1495,0.93,46.581806,1.0,231.5364,-112.18262,1.0,-1.0,0.9316361,1.0025821,1.0
0.15,0.93,46.5795,1.0,231.5364,-155.81824,1.0,-1.0,0.93158996,1.0025821,1.0
0.1505,0.93,46.5772,1.0,231.5364,-196.13452,1.0,-1.0,0.931544,1.0025821,1.0
0.151,0.93,46.574913,1.0,231.5364,-232.27315,1.0,-1.0,0.9314982,1.0025821,1.0
0.1515,0.93,46.572636,1.0,231.5364,-263.46448,1.0,-1.0,0.9314527,1.0025821,1.0
0.152,0.93,46.57037,1.0,231.5364,-289.04346,1.0,-1.0,0.9314074,1.0025821,1.0
0.1525,0.93,46.568115,1.0,231.5364,-308.46466,1.0,-1.0,0.93136233,1.0025821,1.0
0.153,0.93,46.56588,1.0,231.5364,-321.315,1.0,-1.0,0.93131757,1.0025821,1.0
0.1535,0.93,46.563656,1.0,231.5364,-327.32095,1.0,-1.0,0.9312731,1.0025821,1.0
0.154,0.93,46.561447,1.0,231.5364,-326.3546,1.0,-1.0,0.93122894,1.0025821,1.0
0.1545,0.93,46.559258,1.0,231.5364,-318.43546,1.0,-1.0,0.9311851,1.0025821,1.0
0.155,0.93,46.557083,1.0,231.5364,-303.7326,1.0,-1.0,0.9311417,1.0025821,1.0
0.1555,0.93,46.554928,1.0,231.5364,-282.55948,1.0,-1.0,0.9310986,1.0025821,1.0
0.156,0.93,46.55279,1.0,231.5364,-255.36784,1.0,-1.0,0.93105584,1.0025821,1.0
0.1565,0.93,46.55068,1.0,231.5364,-222.73543,1.0,-1.0,0.9310135,1.0025821,1.0
0.157,0.93,46.548584,1.0,231.5364,-185.3578,1.0,-1.0,0.9309717,1.0025821,1.0
0.1575,0.93,46.546513,1.0,231.5364,-144.03113,1.0,-1.0,0.93093026,1.0025821,1.0
0.158,0.93,46.54446,1.0,231.5364,-99.63691,1.0,-1.0,0.93088925,1.0025821,1.0
0.1585,0.93,46.542435,1.0,231.5364,-53.11958,1.0,-1.0,0.9308487,1.0025821,1.0
0.159,0.93,46.540432,1.0,231.5364,-5.470175,1.0,-1.0,0.93080866,1.0025821,1.0
0.1595,0.93,46.538456,1.0,231.5364,42.29654,1.0,-1.0,0.9307691,1.0025821,1.0
0.16,0.93,46.536503,1.0,231.5364,89.16177,1.0,-1.0,0.93073004,1.0025821,1.0
0.1605,0.93,46.534576,1.0,231.5364,134.1278,1.0,-1.0,0.9306915,1.0025821,1.0
0.161,0.93,46.532673,1.0,231.5364,176.23703,1.0,-1.0,0.93065345,1.0025821,1.0
0.1615,0.93,46.5308,1.0,231.5364,214.59277,1.0,-1.0,0.930616,1.0025821,1.0
0.162,0.93,46.528954,1.0,231.5364,248.37703,1.0,-1.0,0.93057907,1.0025821,1.0
0.1625,0.93,46.527134,1.0,231.5364,276.86996,1.0,-1.0,0.93054265,1.0025821,1.0
0.163,0.93,46.52534,1.0,231.5364,299.46515,1.0,-1.0,0.9305068,1.0025821,1.0
0.1635,0.93,46.52358,1.0,231.5364,315.68146,1.0,-1.0,0.9304716,1.0025821,1.0
0.164,0.93,46.521847,1.0,231.5364,325.17328,1.0,-1.0,0.9304369,1.0025821,1.0
0.1645,0.93,46.52014,1.0,231.5364,327.73752,1.0,-1.0,0.9304028,1.0025821,1.0
0.165,0.93,46.518467,1.0,231.5364,323.31995,1.0,-1.0,0.9303694,1.0025821,1.0
0.1655,0.93,46.516823,1.0,231.5364,312.015,1.0,-1.0,0.9303365,1.0025821,1.0
0.166,0.93,46.51521,1.0,231.5364,294.064,1.0,-1.0,0.93030417,1.0025821,1.0
0.1665,0.93,46.513622,1.0,231.67986,269.84793,1.0,-1.0,0.93027246,1.0032032,1.0
0.167,0.93,46.51207,1.0,231.67986,239.88306,1.0,-1.0,0.9302414,1.0032032,1.0
0.1675,0.93,46.510548,1.0,231.67986,204.8078,1.0,-1.0,0.93021095,1.0032032,1.0
0.168,0.93,46.509056,1.0,231.67986,165.3703,1.0,-1.0,0.93018115,1.0032032,1.0
0.1685,0.93,46.507595,1.0,231.67986,122.4094,1.0,-1.0,0.93015194,1.0032032,1.0
0.169,0.93,46.50617,1.0,231.67986,76.84037,1.0,-1.0,0.9301233,1.0032032,1.0
0.1695,0.93,46.50477,1.0,231.67986,29.633823,1.0,-1.0,0.9300954,1.0032032,1.0
0.17,0.93,46.503403,1.0,231.67986,-18.203424,1.0,-1.0,0.9300681,1.0032032,1.0
0.1705,0.93,46.502068,1.0,231.67986,-65.65308,1.0,-1.0,0.9300414,1.0032032,1.0
0.171,0.93,46.500767,1.0,231.67986,-111.70465,1.0,-1.0,0.9300153,1.0032032,1.0
0.1715,0.93,46.499496,1.0,231.67986,-155.37741,1.0,-1.0,0.92998993,1.0032032,1.0
0.172,0.93,46.498257,1.0,231.67986,-195.73991,1.0,-1.0,0.92996514,1.0032032,1.0
0.1725,0.93,46.497047,1.0,231.67986,-231.93242,1.0,-1.0,0.929941,1.0032032,1.0
0.173,0.93,46.495872,1.0,231.67986,-263.18454,1.0,-1.0,0.92991745,1.0032032,1.0
0.1735,0.93,46.494728,1.0,231.67986,-288.83072,1.0,-1.0,0.92989457,1.0032032,1.0
0.174,0.93,46.493614,1.0,231.67986,-308.3242,1.0,-1.0,0.92987233,1.0032032,1.0
0.1745,0.93,46.492535,1.0,231.67986,-321.24896,1.0,-1.0,0.9298507,1.0032032,1.0
0.175,0.93,46.491486,1.0,231.67986,-327.33035,1.0,-1.0,0.9298297,1.0032032,1.0
0.1755,0.93,46.490467,1.0,231.67986,-326.4391,1.0,-1.0,0.92980933,1.0032032,1.0
0.176,0.93,46.48948,1.0,231.67986,-318.5943,1.0,-1.0,0.9297896,1.0032032,1.0
0.1765,0.93,46.48852,1.0,231.67986,-303.96194,1.0,-1.0,0.92977047,1.0032032,1.0
0.177,0.93,46.487595,1.0,231.67986,-282.85413,1.0,-1.0,0.92975193,1.0032032,1.0
0.1775,0.93,46.486702,1.0,231.67986,-255.72073,1.0,-1.0,0.92973405,1.0032032,1.0
0.178,0.93,46.485836,1.0,231.67986,-223.14053,1.0,-1.0,0.9297167,1.0032032,1.0
0.1785,0.93,46.485,1.0,231.67986,-185.80621,1.0,-1.0,0.9297,1.0032032,1.0
0.179,0.93,46.484196,1.0,231.67986,-144.5134,1.0,-1.0,0.9296839,1.0032032,1.0
0.1795,0.93,46.48342,1.0,231.67986,-100.141594,1.0,-1.0,0.9296684,1.0032032,1.0
0.18,0.93,46.482677,1.0,231.67986,-53.63724,1.0,-1.0,0.9296535,1.0032032,1.0
0.1805,0.93,46.48196,1.0,231.67986,-5.989973,1.0,-1.0,0.9296392,1.0032032,1.0
0.181,0.93,46.481274,1.0,231.67986,41.78527,1.0,-1.0,0.92962545,1.0032032,1.0
0.1815,0.93,46.480614,1.0,231.67986,88.6711,1.0,-1.0,0.9296123,1.0032032,1.0
0.182,0.93,46.479984,1.0,231.67986,133.66742,1.0,-1.0,0.9295997,1.0032032,1.0
0.1825,0.93,46.47938,1.0,231.67986,175.81621,1.0,-1.0,0.92958766,1.0032032,1.0
0.183,0.93,46.478806,1.0,231.67986,214.21994,1.0,-1.0,0.92957616,1.0032032,1.0
0.1835,0.93,46.47826,1.0,231.67986,248.06085,1.0,-1.0,0.9295652,1.0032032,1.0
0.184,0.93,46.47774,1.0,231.67986,276.61728,1.0,-1.0,0.9295548,1.0032032,1.0
0.1845,0.93,46.477245,1.0,231.67986,299.28064,1.0,-1.0,0.9295449,1.0032032,1.0
0.185,0.93,46.47678,1.0,231.67986,315.56857,1.0,-1.0,0.92953557,1.0032032,1.0
0.1855,0.93,46.476337,1.0,231.67986,325.13446,1.0,-1.0,0.92952675,1.0032032,1.0
0.186,0.93,46.47592,1.0,231.67986,327.77448,1.0,-1.0,0.92951846,1.0032032,1.0
0.1865,0.93,46.475533,1.0,231.67986,323.4314,1.0,-1.0,0.92951065,1.0032032,1.0
0.187,0.93,46.475166,1.0,231.67986,312.19818,1.0,-1.0,0.9295034,1.0032032,1.0
0.1875,0.93,46.474827,1.0,231.67986,294.31442,1.0,-1.0,0.9294965,1.0032032,1.0
0.188,0.93,46.47451,1.0,231.81084,270.16174,1.0,-1.0,0.9294902,1.0037704,1.0
0.1885,0.93,46.474216,1.0,231.81084,240.25325,1.0,-1.0,0.92948437,1.0037704,1.0
0.189,0.93,46.47395,1.0,231.81084,205.22641,1.0,-1.0,0.92947894,1.0037704,1.0
0.1895,0.93,46.4737,1.0,231.81084,165.82742,1.0,-1.0,0.92947406,1.0037704,1.0
0.19,0.93,46.473476,1.0,231.81084,122.89676,1.0,-1.0,0.9294695,1.0037704,1.0
0.1905,0.93,46.473274,1.0,231.81084,77.347694,1.0,-1.0,0.9294655,1.0037704,1.0
0.191,0.93,46.473095,1.0,231.81084,30.150541,1.0,-1.0,0.9294619,1.0037704,1.0
0.1915,0.93,46.472935,1.0,231.81084,-17.689405,1.0,-1.0,0.9294587,1.0037704,1.0
0.192,0.93,46.472797,1.0,231.81084,-65.15181,1.0,-1.0,0.92945594,1.0037704,1.0
0.1925,0.93,46.47268,1.0,231.81084,-111.226234,1.0,-1.0,0.92945355,1.0037704,1.0
0.193,0.93,46.47258,1.0,231.81084,-154.93161,1.0,-1.0,0.9294516,1.0037704,1.0
0.1935,0.93,46.4725,1.0,231.81084,-195.3371,1.0,-1.0,0.92945004,1.0037704,1.0
0.194,0.93,46.472443,1.0,231.81084,-231.58104,1.0,-1.0,0.92944884,1.0037704,1.0
0.1945,0.93,46.4724,1.0,231.81084,-262.89124,1.0,-1.0,0.929448,1.0037704,1.0
0.195,0.93,46.472378,1.0,231.81084,-288.60138,1.0,-1.0,0.92944753,1.0037704,1.0
0.1955,0.93,46.472374,1.0,231.81084,-308.16397,1.0,-1.0,0.9294475,1.0037704,1.0
0.196,0.93,46.472385,1.0,231.81084,-321.16202,1.0,-1.0,0.9294477,1.0037704,1.0
0.1965,0.93,46.472416,1.0,231.81084,-327.31778,1.0,-1.0,0.9294483,1.0037704,1.0
0.197,0.93,46.47246,1.0,231.81084,-326.5008,1.0,-1.0,0.9294492,1.0037704,1.0
0.1975,0.93,46.472523,1.0,231.81084,-318.72867,1.0,-1.0,0.92945045,1.0037704,1.0
0.198,0.93,46.4726,1.0,231.81084,-304.1674,1.0,-1.0,0.929452,1.0037704,1.0
0.1985,0.93,46.47269,1.0,231.81084,-283.1259,1.0,-1.0,0.92945385,1.0037704,1.0
0.199,0.93,46.472797,1.0,231.81084,-256.05286,1.0,-1.0,0.929456,1.0037704,1.0
0.1995,0.93,46.47292,1.0,231.81084,-223.52509,1.0,-1.0,0.9294584,1.0037704,1.0
0.2,0.93,46.473057,1.0,231.81084,-186.23653,1.0,-1.0,0.9294611,1.0037704,1.0
0.2005,0.93,46.473206,1.0,231.81084,-144.98016,1.0,-1.0,0.9294641,1.0037704,1.0
0.201,0.93,46.473366,1.0,231.81084,-100.63512,1.0,-1.0,0.9294673,1.0037704,1.0
0.2015,0.93,46.47354,1.0,231.81084,-54.145863,1.0,-1.0,0.9294708,1.0037704,1.0
0.202,0.93,46.473724,1.0,231.81084,-6.504019,1.0,-1.0,0.92947453,1.0037704,1.0
0.2025,0.93,46.473923,1.0,231.81084,41.276485,1.0,-1.0,0.92947847,1.0037704,1.0
0.203,0.93,46.474133,1.0,231.81084,88.1779,1.0,-1.0,0.9294827,1.0037704,1.0
0.2035,0.93,46.474354,1.0,231.81084,133.20146,1.0,-1.0,0.9294871,1.0037704,1.0
0.204,0.93,46.474586,1.0,231.81084,175.38687,1.0,-1.0,0.9294917,1.0037704,1.0
0.2045,0.93,46.474827,1.0,231.81084,213.8358,1.0,-1.0,0.9294965,1.0037704,1.0
0.205,0.93,46.47508,1.0,231.81084,247.7296,1.0,-1.0,0.92950153,1.0037704,1.0
0.2055,0.93,46.475338,1.0,231.81084,276.34662,1.0,-1.0,0.9295067,1.0037704,1.0
0.206,0.93,46.475605,1.0,231.81084,299.0766,1.0,-1.0,0.92951214,1.0037704,1.0
0.2065,0.93,46.475883,1.0,231.81084,315.43494,1.0,-1.0,0.9295177,1.0037704,1.0
0.207,0.93,46.47617,1.0,231.81084,325.07358,1.0,-1.0,0.9295234,1.0037704,1.0
0.2075,0.93,46.476463,1.0,231.81084,327.7877,1.0,-1.0,0.92952925,1.0037704,1.0
0.208,0.93,46.476765,1.0,231.81084,323.51947,1.0,-1.0,0.92953527,1.0037704,1.0
0.2085,0.93,46.47707,1.0,231.81084,312.3588,1.0,-1.0,0.9295414,1.0037704,1.0
0.209,0.93,46.477386,1.0,231.81084,294.54385,1.0,-1.0,0.9295477,1.0037704,1.0
0.2095,0.93,46.477707,1.0,231.85063,270.4544,1.0,-1.0,0.9295541,1.0039427,1.0
0.21,0.93,46.478035,1.0,231.85063,240.6044,1.0,-1.0,0.92956066,1.0039427,1.0
0.2105,0.93,46.478367,1.0,231.85063,205.62836,1.0,-1.0,0.92956734,1.0039427,1.0
0.211,0.93,46.478703,1.0,231.85063,166.27165,1.0,-1.0,0.9295741,1.0039427,1.0
0.2115,0.93,46.479046,1.0,231.85063,123.372665,1.0,-1.0,0.9295809,1.0039427,1.0
0.212,0.93,46.479393,1.0,231.85063,77.84645,1.0,-1.0,0.92958784,1.0039427,1.0
0.2125,0.93,46.479744,1.0,231.85063,30.661705,1.0,-1.0,0.9295949,1.0039427,1.0
0.213,0.93,46.4801,1.0,231.85063,-17.176437,1.0,-1.0,0.92960197,1.0039427,1.0
0.2135,0.93,46.480457,1.0,231.85063,-64.64915,1.0,-1.0,0.9296092,1.0039427,1.0
0.214,0.93,46.48082,1.0,231.85063,-110.74391,1.0,-1.0,0.9296164,1.0039427,1.0
0.2145,0.93,46.481186,1.0,231.85063,-154.47931,1.0,-1.0,0.9296237,1.0039427,1.0
0.215,0.93,46.481552,1.0,231.85063,-194.92413,1.0,-1.0,0.92963105,1.0039427,1.0
0.2155,0.93,46.481922,1.0,231.85063,-231.217,1.0,-1.0,0.92963845,1.0039427,1.0
0.216,0.93,46.482296,1.0,231.85063,-262.58405,1.0,-1.0,0.9296459,1.0039427,1.0
0.2165,0.93,46.48267,1.0,231.85063,-288.35687,1.0,-1.0,0.9296534,1.0039427,1.0
0.217,0.93,46.483044,1.0,231.85063,-307.98694,1.0,-1.0,0.9296609,1.0039427,1.0
0.2175,0.93,46.48342,1.0,231.85063,-321.05646,1.0,-1.0,0.9296684,1.0039427,1.0
0.218,0.93,46.4838,1.0,231.85063,-327.28696,1.0,-1.0,0.929676,1.0039427,1.0
0.2185,0.93,46.484177,1.0,231.85063,-326.54465,1.0,-1.0,0.92968357,1.0039427,1.0
0.219,0.93,46.48456,1.0,231.85063,-318.846,1.0,-1.0,0.92969114,1.0039427,1.0
0.2195,0.93,46.484936,1.0,231.85063,-304.35526,1.0,-1.0,0.9296987,1.0039427,1.0
0.22,0.93,46.485317,1.0,231.85063,-283.38162,1.0,-1.0,0.92970634,1.0039427,1.0
0.2205,0.93,46.485695,1.0,231.85063,-256.37064,1.0,-1.0,0.9297139,1.0039427,1.0
0.221,0.93,46.486073,1.0,231.85063,-223.89815,1.0,-1.0,0.9297215,1.0039427,1.0
0.2215,0.93,46.48645,1.0,231.85063,-186.65584,1.0,-1.0,0.92972904,1.0039427,1.0
0.222,0.93,46.486828,1.0,231.85063,-145.43825,1.0,-1.0,0.92973655,1.0039427,1.0
0.2225,0.93,46.487206,1.0,231.85063,-101.1221,1.0,-1.0,0.92974406,1.0039427,1.0
0.223,0.93,46.48758,1.0,231.85063,-54.651608,1.0,-1.0,0.9297516,1.0039427,1.0
0.2235,0.93,46.48795,1.0,231.85063,-7.016462,1.0,-1.0,0.929759,1.0039427,1.0
0.224,0.93,46.488323,1.0,231.85063,40.767284,1.0,-1.0,0.9297665,1.0039427,1.0
0.2245,0.93,46.488693,1.0,231.85063,87.68252,1.0,-1.0,0.9297738,1.0039427,1.0
0.225,0.93,46.48906,1.0,231.85063,132.73004,1.0,-1.0,0.9297812,1.0039427,1.0
0.2255,0.93,46.489426,1.0,231.85063,174.9506,1.0,-1.0,0.9297885,1.0039427,1.0
0.226,0.93,46.489788,1.0,231.85063,213.44374,1.0,-1.0,0.92979574,1.0039427,1.0
0.2265,0.93,46.490147,1.0,231.85063,247.38956,1.0,-1.0,0.9298029,1.0039427,1.0
0.227,0.93,46.4905,1.0,231.85063,276.0654,1.0,-1.0,0.92981005,1.0039427,1.0
0.2275,0.93,46.490856,1.0,231.85063,298.86075,1.0,-1.0,0.92981714,1.0039427,1.0
0.228,0.93,46.491207,1.0,231.85063,315.2897,1.0,-1.0,0.9298242,1.0039427,1.0
0.2285,0.93,46.491558,1.0,231.85063,325.0015,1.0,-1.0,0.92983115,1.0039427,1.0
0.229,0.93,46.4919,1.0,231.85063,327.7898,1.0,-1.0,0.929838,1.0039427,1.0
0.2295,0.93,46.49224,1.0,231.85063,323.5956,1.0,-1.0,0.92984486,1.0039427,1.0
0.23,0.93,46.49258,1.0,231.85063,312.5086,1.0,-1.0,0.9298516,1.0039427,1.0
0.2305,0.93,46.492912,1.0,231.85063,294.76367,1.0,-1.0,0.92985827,1.0039427,1.0
0.231,0.93,46.493244,1.0,231.83353,270.7393,1.0,-1.0,0.9298648,1.0038686,1.0
0.2315,0.93,46.49357,1.0,231.83353,240.9475,1.0,-1.0,0.9298714,1.0038686,1.0
0.232,0.93,46.49389,1.0,231.83353,206.02376,1.0,-1.0,0.9298778,1.0038686,1.0
0.2325,0.93,46.49421,1.0,231.83353,166.71074,1.0,-1.0,0.92988414,1.0038686,1.0
0.233,0.93,46.494522,1.0,231.83353,123.84612,1.0,-1.0,0.92989045,1.0038686,1.0
0.2335,0.93,46.49483,1.0,231.83353,78.34293,1.0,-1.0,0.9298966,1.0038686,1.0
0.234,0.93,46.495136,1.0,231.83353,31.171818,1.0,-1.0,0.9299027,1.0038686,1.0
0.2345,0.93,46.495434,1.0,231.83353,-16.663433,1.0,-1.0,0.9299087,1.0038686,1.0
0.235,0.93,46.49573,1.0,231.83353,-64.143974,1.0,-1.0,0.9299146,1.0038686,1.0
0.2355,0.93,46.49602,1.0,231.83353,-110.25851,1.0,-1.0,0.92992043,1.0038686,1.0
0.236,0.93,46.496307,1.0,231.83353,-154.02359,1.0,-1.0,0.92992616,1.0038686,1.0
0.2365,0.93,46.49659,1.0,231.83353,-194.50726,1.0,-1.0,0.92993176,1.0038686,1.0
0.237,0.93,46.496864,1.0,231.83353,-230.84763,1.0,-1.0,0.9299373,1.0038686,1.0
0.2375,0.93,46.497135,1.0,231.83353,-262.27078,1.0,-1.0,0.9299427,1.0038686,1.0
0.238,0.93,46.497402,1.0,231.83353,-288.10672,1.0,-1.0,0.9299481,1.0038686,1.0
0.2385,0.93,46.497665,1.0,231.83353,-307.80466,1.0,-1.0,0.9299533,1.0038686,1.0
0.239,0.93,46.49792,1.0,231.83353,-320.94556,1.0,-1.0,0.92995846,1.0038686,1.0
0.2395,0.93,46.498173,1.0,231.83353,-327.24982,1.0,-1.0,0.92996347,1.0038686,1.0
0.24,0.93,46.49842,1.0,231.83353,-326.58325,1.0,-1.0,0.9299684,1.0038686,1.0
0.2405,0.93,46.49866,1.0,231.83353,-318.95886,1.0,-1.0,0.92997324,1.0038686,1.0
0.241,0.93,46.498898,1.0,231.83353,-304.53976,1.0,-1.0,0.92997795,1.0038686,1.0
0.2415,0.93,46.49913,1.0,231.83353,-283.6332,1.0,-1.0,0.9299826,1.0038686,1.0
0.242,0.93,46.499355,1.0,231.83353,-256.68536,1.0,-1.0,0.9299871,1.0038686,1.0
0.2425,0.93,46.499577,1.0,231.83353,-224.26884,1.0,-1.0,0.9299915,1.0038686,1.0
0.243,0.93,46.49979,1.0,231.83353,-187.07469,1.0,-1.0,0.92999583,1.0038686,1.0
0.2435,0.93,46.5,1.0,231.83353,-145.8951,1.0,-1.0,0.93,1.0038686,1.0
0.244,0.93,46.500206,1.0,231.83353,-101.60848,1.0,-1.0,0.9300041,1.0038686,1.0
0.2445,0.93,46.500404,1.0,231.83353,-55.15717,1.0,-1.0,0.9300081,1.0038686,1.0
0.245,0.93,46.500603,1.0,231.83353,-7.5306106,1.0,-1.0,0.93001205,1.0038686,1.0
0.2455,0.93,46.50079,1.0,231.83353,40.25683,1.0,-1.0,0.9300158,1.0038686,1.0
0.246,0.93,46.500977,1.0,231.83353,87.18591,1.0,-1.0,0.9300195,1.0038686,1.0
0.2465,0.93,46.501152,1.0,231.83353,132.25755,1.0,-1.0,0.9300231,1.0038686,1.0
0.247,0.93,46.501328,1.0,231.83353,174.51193,1.0,-1.0,0.93002653,1.0038686,1.0
0.2475,0.93,46.501495,1.0,231.83353,213.04929,1.0,-1.0,0.9300299,1.0038686,1.0
0.248,0.93,46.50166,1.0,231.83353,247.04779,1.0,-1.0,0.9300332,1.0038686,1.0
0.2485,0.93,46.50182,1.0,231.83353,275.78308,1.0,-1.0,0.93003637,1.0038686,1.0
0.249,0.93,46.501972,1.0,231.83353,298.64346,1.0,-1.0,0.93003947,1.0038686,1.0
0.2495,0.93,46.50212,1.0,231.83353,315.14246,1.0,-1.0,0.93004245,1.0038686,1.0
0.25,0.93,46.502266,1.0,231.83353,324.92828,1.0,-1.0,0.9300453,1.0038686,1.0
0.2505,0.93,46.502403,1.0,231.83353,327.79163,1.0,-1.0,0.93004805,1.0038686,1.0
0.251,0.93,46.502537,1.0,231.83353,323.67206,1.0,-1.0,0.93005073,1.0038686,1.0
0.2515,0.93,46.502666,1.0,231.83353,312.65762,1.0,-1.0,0.9300533,1.0038686,1.0
0.252,0.93,46.50279,1.0,231.83353,294.9835,1.0,-1.0,0.9300558,1.0038686,1.0
0.2525,0.93,46.50291,1.0,231.80844,271.02478,1.0,-1.0,0.9300582,1.00376,1.0
0.253,0.93,46.503025,1.0,231.80844,241.29234,1.0,-1.0,0.93006045,1.00376,1.0
0.2535,0.93,46.50313,1.0,231.80844,206.41965,1.0,-1.0,0.93006265,1.00376,1.0
0.254,0.93,46.50324,1.0,231.80844,167.15062,1.0,-1.0,0.93006474,1.00376,1.0
0.2545,0.93,46.503338,1.0,231.80844,124.32044,1.0,-1.0,0.93006676,1.00376,1.0
0.255,0.93,46.503433,1.0,231.80844,78.84168,1.0,-1.0,0.9300687,1.00376,1.0
0.2555,0.93,46.503525,1.0,231.80844,31.682959,1.0,-1.0,0.9300705,1.00376,1.0
0.256,0.93,46.503613,1.0,231.80844,-16.14976,1.0,-1.0,0.93007225,1.00376,1.0
0.2565,0.93,46.503696,1.0,231.80844,-63.63845,1.0,-1.0,0.9300739,1.00376,1.0
0.257,0.93,46.503773,1.0,231.80844,-109.77177,1.0,-1.0,0.93007547,1.00376,1.0
0.2575,0.93,46.503845,1.0,231.80844,-153.56715,1.0,-1.0,0.93007696,1.00376,1.0
0.258,0.93,46.503918,1.0,231.80844,-194.0906,1.0,-1.0,0.9300783,1.00376,1.0
0.2585,0.93,46.503983,1.0,231.80844,-230.47908,1.0,-1.0,0.93007964,1.00376,1.0
0.259,0.93,46.504044,1.0,231.80844,-261.95792,1.0,-1.0,0.9300809,1.00376,1.0
0.2595,0.93,46.5041,1.0,231.80844,-287.85684,1.0,-1.0,0.930082,1.00376,1.0
0.26,0.93,46.504154,1.0,231.80844,-307.62366,1.0,-1.0,0.9300831,1.00376,1.0
0.2605,0.93,46.504204,1.0,231.80844,-320.8367,1.0,-1.0,0.93008405,1.00376,1.0
0.261,0.93,46.50425,1.0,231.80844,-327.21503,1.0,-1.0,0.930085,1.00376,1.0
0.2615,0.93,46.50429,1.0,231.80844,-326.62314,1.0,-1.0,0.93008584,1.00376,1.0
0.262,0.93,46.50433,1.0,231.80844,-319.07385,1.0,-1.0,0.93008655,1.00376,1.0
0.2625,0.93,46.504364,1.0,231.80844,-304.7268,1.0,-1.0,0.93008727,1.00376,1.0
0.263,0.93,46.504395,1.0,231.80844,-283.88812,1.0,-1.0,0.93008786,1.00376,1.0
0.2635,0.93,46.50442,1.0,231.80844,-257.00186,1.0,-1.0,0.93008846,1.00376,1.0
0.264,0.93,46.504444,1.0,231.80844,-224.64165,1.0,-1.0,0.93008894,1.00376,1.0
0.2645,0.93,46.504467,1.0,231.80844,-187.4955,1.0,-1.0,0.9300893,1.00376,1.0
0.265,0.93,46.504482,1.0,231.80844,-146.355,1.0,-1.0,0.93008965,1.00376,1.0
0.2655,0.93,46.504498,1.0,231.80844,-102.09641,1.0,-1.0,0.93008995,1.00376,1.0
0.266,0.93,46.50451,1.0,231.80844,-55.663795,1.0,-1.0,0.9300902,1.00376,1.0
0.2665,0.93,46.504517,1.0,231.80844,-8.045309,1.0,-1.0,0.9300903,1.00376,1.0
0.267,0.93,46.50452,1.0,231.80844,39.744892,1.0,-1.0,0.9300904,1.00376,1.0
0.2675,0.93,46.504524,1.0,231.80844,86.688896,1.0,-1.0,0.9300905,1.00376,1.0
0.268,0.93,46.50452,1.0,231.80844,131.78557,1.0,-1.0,0.9300904,1.00376,1.0
0.2685,0.93,46.504517,1.0,231.80844,174.07458,1.0,-1.0,0.93009037,1.00376,1.0
0.269,0.93,46.504513,1.0,231.80844,212.65562,0.0,11.0,0.93009025,1.00376,1.0
0.2695,0.93,46.5045,1.0,231.80844,246.707,0.0,11.0,0.93009007,1.00376,1.0
0.27,0.93,46.50449,1.0,231.80844,275.50275,0.0,11.0,0.93008983,1.00376,1.0
0.2705,0.93,46.50448,1.0,231.80844,298.42902,0.0,11.0,0.93008953,1.00376,1.0
0.271,0.93,46.50446,1.0,231.80844,314.998,0.0,11.0,0.93008924,1.00376,1.0
0.2715,0.93,46.50444,1.0,231.80844,324.8571,0.0,11.0,0.9300888,1.00376,1.0
0.272,0.93,46.50442,1.0,231.80844,327.79626,0.0,11.0,0.9300884,1.00376,1.0
0.2725,0.93,46.5044,1.0,231.80844,323.75177,0.0,11.0,0.9300879,1.00376,1.0
0.273,0.93,46.50437,1.0,231.80844,312.8105,0.0,11.0,0.93008745,1.00376,1.0
0.2735,0.93,46.504345,1.0,231.80844,295.2056,0.0,11.0,0.93008685,1.00376,1.0
0.274,0.93,46.504314,1.0,231.79683,271.31287,0.0,11.0,0.93008626,1.0037097,1.0
0.2745,0.93,46.50428,1.0,231.79683,241.63982,0.0,11.0,0.93008566,1.0037097,1.0
0.275,0.93,46.50425,1.0,231.79683,206.81902,0.0,11.0,0.93008494,1.0037097,1.0
0.2755,0.93,46.50421,1.0,231.79683,167.59222,0.0,11.0,0.9300842,1.0037097,1.0
0.276,0.93,46.504177,1.0,231.79683,124.79619,0.0,11.0,0.9300835,1.0037097,1.0
0.2765,0.93,46.504135,1.0,231.79683,79.341385,0.0,11.0,0.93008274,1.0037097,1.0
0.277,0.93,46.504097,1.0,231.79683,32.196133,0.0,11.0,0.9300819,1.0037097,1.0
0.2775,0.93,46.504055,1.0,231.79683,-15.635494,0.0,11.0,0.93008107,1.0037097,1.0
0.278,0.93,46.50401,1.0,231.79683,-63.13317,0.0,11.0,0.93008024,1.0037097,1.0
0.2785,0.93,46.503967,1.0,231.79683,-109.28592,0.0,11.0,0.93007934,1.0037097,1.0
0.279,0.93,46.50392,1.0,231.79683,-153.11089,0.0,11.0,0.9300784,1.0037097,1.0
0.2795,0.93,46.503872,1.0,231.79683,-193.67468,0.0,11.0,0.93007743,1.0037097,1.0
0.28,0.93,46.503822,1.0,231.79683,-230.1123,0.0,11.0,0.9300765,1.0037097,1.0
0.2805,0.93,46.503773,1.0,231.79683,-261.64755,0.0,11.0,0.93007547,1.0037097,1.0
0.281,0.93,46.503723,1.0,231.79683,-287.60913,0.0,11.0,0.93007445,1.0037097,1.0
0.2815,0.93,46.50367,1.0,231.79683,-307.44434,0.0,11.0,0.9300734,1.0037097,1.0
0.282,0.93,46.503616,1.0,231.79683,-320.73032,0.0,11.0,0.93007237,1.0037097,1.0
0.2825,0.93,46.503563,1.0,231.79683,-327.18326,0.0,11.0,0.93007123,1.0037097,1.0
0.283,0.93,46.50351,1.0,231.79683,-326.66632,0.0,11.0,0.93007016,1.0037097,1.0
0.2835,0.93,46.503452,1.0,231.79683,-319.19077,0.0,11.0,0.930069,1.0037097,1.0
0.284,0.93,46.503395,1.0,231.79683,-304.91623,0.0,11.0,0.9300679,1.0037097,1.0
0.2845,0.93,46.503338,1.0,231.79683,-284.1455,0.0,11.0,0.93006676,1.0037097,1.0
0.285,0.93,46.50328,1.0,231.79683,-257.3216,0.0,11.0,0.93006563,1.0037097,1.0
0.2855,0.93,46.503223,1.0,231.79683,-225.01596,0.0,11.0,0.93006444,1.0037097,1.0
0.286,0.93,46.503162,1.0,231.79683,-187.91774,0.0,11.0,0.93006325,1.0037097,1.0
0.2865,0.93,46.503105,1.0,231.79683,-146.81604,0.0,11.0,0.93006206,1.0037097,1.0
0.287,0.93,46.503044,1.0,231.79683,-102.58645,0.0,11.0,0.93006086,1.0037097,1.0
0.2875,0.93,46.502983,1.0,231.79683,-56.17113,0.0,11.0,0.9300597,1.0037097,1.0
0.288,0.93,46.502922,1.0,231.79683,-8.560031,0.0,11.0,0.9300584,1.0037097,1.0
0.2885,0.93,46.50286,1.0,231.79683,39.233414,0.0,11.0,0.9300572,1.0037097,1.0
0.289,0.93,46.5028,1.0,231.79683,86.1914,0.0,11.0,0.930056,1.0037097,1.0
0.2895,0.93,46.50274,1.0,231.79683,131.31381,0.0,11.0,0.9300548,1.0037097,1.0
0.29,0.93,46.502678,1.0,231.79683,173.63835,0.0,11.0,0.93005353,1.0037097,1.0
0.2905,0.93,46.502613,1.0,231.79683,212.26361,0.0,11.0,0.9300523,1.0037097,1.0
0.291,0.93,46.502552,1.0,231.79683,246.36731,0.0,11.0,0.930051,1.0037097,1.0
0.2915,0.93,46.50249,1.0,231.79683,275.22324,0.0,11.0,0.9300498,1.0037097,1.0
0.292,0.93,46.502426,1.0,231.79683,298.2162,0.0,11.0,0.9300486,1.0037097,1.0
0.2925,0.93,46.502365,1.0,231.79683,314.85574,0.0,11.0,0.93004733,1.0037097,1.0
0.293,0.93,46.502304,1.0,231.79683,324.78802,0.0,11.0,0.9300461,1.0037097,1.0
0.2935,0.93,46.502243,1.0,231.79683,327.80182,0.0,11.0,0.93004483,1.0037097,1.0
0.294,0.93,46.502182,1.0,231.79683,323.8331,0.0,11.0,0.9300436,1.0037097,1.0
0.2945,0.93,46.502117,1.0,231.79683,312.96515,0.0,11.0,0.9300424,1.0037097,1.0
0.295,0.93,46.502056,1.0,231.79683,295.43008,0.0,11.0,0.93004113,1.0037097,1.0
0.2955,0.93,46.501995,1.0,231.79729,271.60165,0.0,11.0,0.93003994,1.0037117,1.0
0.296,0.93,46.501934,1.0,231.79729,241.98822,0.0,11.0,0.9300387,1.0037117,1.0
0.2965,0.93,46.501873,1.0,231.79729,207.21924,0.0,11.0,0.9300375,1.0037117,1.0
0.297,0.93,46.501816,1.0,231.79729,168.03572,0.0,11.0,0.9300363,1.0037117,1.0
0.2975,0.93,46.501755,1.0,231.79729,125.2723,0.0,11.0,0.9300351,1.0037117,1.0
0.298,0.93,46.501694,1.0,231.79729,79.84117,0.0,11.0,0.9300339,1.0037117,1.0
0.2985,0.93,46.501637,1.0,231.79729,32.708992,0.0,11.0,0.93003273,1.0037117,1.0
0.299,0.93,46.501575,1.0,231.79729,-15.120243,0.0,11.0,0.93003154,1.0037117,1.0
0.2995,0.93,46.50152,1.0,231.79729,-62.62791,0.0,11.0,0.9300304,1.0037117,1.0
0.3,0.93,46.50146,1.0,231.79729,-108.80069,0.0,11.0,0.9300292,1.0037117,1.0
0.3005,0.93,46.501404,1.0,231.79729,-152.65565,0.0,11.0,0.9300281,1.0037117,1.0
0.301,0.93,46.501347,1.0,231.79729,-193.25882,0.0,11.0,0.93002695,1.0037117,1.0
0.3015,0.93,46.501293,1.0,231.79729,-229.74564,0.0,11.0,0.9300258,1.0037117,1.0
0.302,0.93,46.501236,1.0,231.79729,-261.33795,0.0,11.0,0.93002474,1.0037117,1.0
0.3025,0.93,46.501183,1.0,231.79729,-287.3627,0.0,11.0,0.9300236,1.0037117,1.0
0.303,0.93,46.501125,1.0,231.79729,-307.26587,0.0,11.0,0.93002254,1.0037117,1.0
0.3035,0.93,46.501072,1.0,231.79729,-320.6239,0.0,11.0,0.93002146,1.0037117,1.0
0.304,0.93,46.501022,1.0,231.79729,-327.15207,0.0,11.0,0.9300204,1.0037117,1.0
0.3045,0.93,46.50097,1.0,231.79729,-326.71042,0.0,11.0,0.9300194,1.0037117,1.0
0.305,0.93,46.500916,1.0,231.79729,-319.30887,0.0,11.0,0.93001837,1.0037117,1.0
0.3055,0.93,46.500866,1.0,231.79729,-305.1054,0.0,11.0,0.9300173,1.0037117,1.0
0.306,0.93,46.500816,1.0,231.79729,-284.40305,0.0,11.0,0.93001634,1.0037117,1.0
0.3065,0.93,46.500767,1.0,231.79729,-257.64157,0.0,11.0,0.9300153,1.0037117,1.0
0.307,0.93,46.500717,1.0,231.79729,-225.39146,0.0,11.0,0.9300144,1.0037117,1.0
0.3075,0.93,46.50067,1.0,231.79729,-188.33975,0.0,11.0,0.9300134,1.0037117,1.0
0.308,0.93,46.50062,1.0,231.79729,-147.27678,0.0,11.0,0.93001246,1.0037117,1.0
0.3085,0.93,46.500576,1.0,231.79729,-103.07612,0.0,11.0,0.9300115,1.0037117,1.0
0.309,0.93,46.50053,1.0,231.79729,-56.679367,0.0,11.0,0.9300106,1.0037117,1.0
0.3095,0.93,46.500484,1.0,231.79729,-9.074761,0.0,11.0,0.9300097,1.0037117,1.0
0.31,0.93,46.500443,1.0,231.79729,38.722363,0.0,11.0,0.9300088,1.0037117,1.0
0.3105,0.93,46.5004,1.0,231.79729,85.69457,0.0,11.0,0.930008,1.0037117,1.0
0.311,0.93,46.500355,1.0,231.79729,130.84154,0.0,11.0,0.93000716,1.0037117,1.0
0.3115,0.93,46.500317,1.0,231.79729,173.20174,0.0,11.0,0.9300063,1.0037117,1.0
0.312,0.93,46.500275,1.0,231.79729,211.87189,0.0,11.0,0.9300055,1.0037117,1.0
0.3125,0.93,46.500233,1.0,231.79729,246.0282,0.0,11.0,0.9300047,1.0037117,1.0
0.313,0.93,46.500195,1.0,231.79729,274.94363,0.0,11.0,0.9300039,1.0037117,1.0
0.3135,0.93,46.500156,1.0,231.79729,298.0025,0.0,11.0,0.93000317,1.0037117,1.0
0.314,0.93,46.50012,1.0,231.79729,314.71326,0.0,11.0,0.9300024,1.0037117,1.0
0.3145,0.93,46.500084,1.0,231.79729,324.71912,0.0,11.0,0.9300017,1.0037117,1.0
0.315,0.93,46.50005,1.0,231.79729,327.80765,0.0,11.0,0.93000096,1.0037117,1.0
0.3155,0.93,46.50001,1.0,231.79729,323.9132,0.0,11.0,0.93000025,1.0037117,1.0
0.316,0.93,46.49998,1.0,231.79729,313.1192,0.0,11.0,0.9299996,1.0037117,1.0
0.3165,0.93,46.499947,1.0,231.79729,295.65424,0.0,11.0,0.92999893,1.0037117,1.0
0.317,0.93,46.499912,1.0,231.80156,271.89093,0.0,11.0,0.9299983,1.0037302,1.0
0.3175,0.93,46.49988,1.0,231.80156,242.33556,0.0,11.0,0.9299977,1.0037302,1.0
0.318,0.93,46.49985,1.0,231.80156,207.6187,0.0,11.0,0.929997,1.0037302,1.0
0.3185,0.93,46.49982,1.0,231.80156,168.47853,0.0,11.0,0.92999643,1.0037302,1.0
0.319,0.93,46.499794,1.0,231.80156,125.749054,0.0,11.0,0.9299959,1.0037302,1.0
0.3195,0.93,46.499767,1.0,231.80156,80.340454,0.0,11.0,0.9299953,1.0037302,1.0
0.32,0.93,46.49974,1.0,231.80156,33.22129,0.0,11.0,0.92999476,1.0037302,1.0
0.3205,0.93,46.499714,1.0,231.80156,-14.605735,0.0,11.0,0.9299942,1.0037302,1.0
0.321,0.93,46.499687,1.0,231.80156,-62.121883,0.0,11.0,0.92999375,1.0037302,1.0
0.3215,0.93,46.49966,1.0,231.80156,-108.31515,0.0,11.0,0.9299933,1.0037302,1.0
0.322,0.93,46.499638,1.0,231.80156,-152.20044,0.0,11.0,0.9299928,1.0037302,1.0
0.3225,0.93,46.499615,1.0,231.80156,-192.84325,0.0,11.0,0.9299923,1.0037302,1.0
0.323,0.93,46.49959,1.0,231.80156,-229.37814,0.0,11.0,0.92999184,1.0037302,1.0
0.3235,0.93,46.499573,1.0,231.80156,-261.02725,0.0,11.0,0.9299914,1.0037302,1.0
0.324,0.93,46.49955,1.0,231.80156,-287.11557,0.0,11.0,0.929991,1.0037302,1.0
0.3245,0.93,46.49953,1.0,231.80156,-307.0871,0.0,11.0,0.92999065,1.0037302,1.0
0.325,0.93,46.49951,1.0,231.80156,-320.51688,0.0,11.0,0.92999023,1.0037302,1.0
0.3255,0.93,46.499493,1.0,231.80156,-327.1192,0.0,11.0,0.9299899,1.0037302,1.0
0.326,0.93,46.499477,1.0,231.80156,-326.7534,0.0,11.0,0.9299895,1.0037302,1.0
0.3265,0.93,46.49946,1.0,231.80156,-319.42624,0.0,11.0,0.9299892,1.0037302,1.0
0.327,0.93,46.499443,1.0,231.80156,-305.2943,0.0,11.0,0.92998886,1.0037302,1.0
0.3275,0.93,46.499428,1.0,231.80156,-284.65894,0.0,11.0,0.92998856,1.0037302,1.0
0.328,0.93,46.499413,1.0,231.80156,-257.96033,0.0,11.0,0.92998827,1.0037302,1.0
0.3285,0.93,46.4994,1.0,231.80156,-225.76596,0.0,11.0,0.929988,1.0037302,1.0
0.329,0.93,46.499386,1.0,231.80156,-188.76192,0.0,11.0,0.9299877,1.0037302,1.0
0.3295,0.93,46.499374,1.0,231.80156,-147.73653,0.0,11.0,0.9299875,1.0037302,1.0
0.33,0.93,46.499363,1.0,231.80156,-103.56485,0.0,11.0,0.92998725,1.0037302,1.0
0.3305,0.93,46.49935,1.0,231.80156,-57.18676,0.0,11.0,0.9299871,1.0037302,1.0
0.331,0.93,46.499344,1.0,231.80156,-9.59014,0.0,11.0,0.92998683,1.0037302,1.0
0.3315,0.93,46.499332,1.0,231.80156,38.21129,0.0,11.0,0.92998666,1.0037302,1.0
0.332,0.93,46.499325,1.0,231.80156,85.19792,0.0,11.0,0.9299865,1.0037302,1.0
0.3325,0.93,46.499317,1.0,231.80156,130.36952,0.0,11.0,0.9299863,1.0037302,1.0
0.333,0.93,46.499306,1.0,231.80156,172.76414,0.0,11.0,0.9299862,1.0037302,1.0
0.3335,0.93,46.499302,1.0,231.80156,211.47896,0.0,11.0,0.929986,1.0037302,1.0
0.334,0.93,46.499294,1.0,231.80156,245.68842,0.0,11.0,0.9299859,1.0037302,1.0
0.3345,0.93,46.499287,1.0,231.80156,274.66357,0.0,11.0,0.92998576,1.0037302,1.0
0.335,0.93,46.499283,1.0,231.80156,297.7878,0.0,11.0,0.92998564,1.0037302,1.0
0.3355,0.93,46.49928,1.0,231.80156,314.56882,0.0,11.0,0.9299856,1.0037302,1.0
0.336,0.93,46.499275,1.0,231.80156,324.64893,0.0,11.0,0.92998546,1.0037302,1.0
0.3365,0.93,46.49927,1.0,231.80156,327.81244,0.0,11.0,0.9299854,1.0037302,1.0
0.337,0.93,46.499268,1.0,231.80156,323.99268,0.0,11.0,0.92998534,1.0037302,1.0
0.3375,0.93,46.499264,1.0,231.80156,313.2712,0.0,11.0,0.9299853,1.0037302,1.0
0.338,0.93,46.499264,1.0,231.80156,295.8769,0.0,11.0,0.9299853,1.0037302,1.0
0.3385,0.93,46.49926,1.0,231.80435,272.179,0.0,11.0,0.9299852,1.0037422,1.0
0.339,0.93,46.49926,1.0,231.80435,242.68277,0.0,11.0,0.9299852,1.0037422,1.0
0.3395,0.93,46.49926,1.0,231.80435,208.01665,0.0,11.0,0.9299852,1.0037422,1.0
0.34,0.93,46.49926,1.0,231.80435,168.92012,0.0,11.0,0.9299852,1.0037422,1.0
0.3405,0.93,46.49926,1.0,231.80435,126.224785,0.0,11.0,0.9299852,1.0037422,1.0
0.341,0.93,46.49926,1.0,231.80435,80.84021,0.0,11.0,0.9299852,1.0037422,1.0
0.3415,0.93,46.499264,1.0,231.80435,33.733177,0.0,11.0,0.9299852,1.0037422,1.0
0.342,0.93,46.499264,1.0,231.80435,-14.091631,0.0,11.0,0.9299853,1.0037422,1.0
0.3425,0.93,46.499268,1.0,231.80435,-61.616302,0.0,11.0,0.92998534,1.0037422,1.0
0.343,0.93,46.499268,1.0,231.80435,-107.82861,0.0,11.0,0.9299854,1.0037422,1.0
0.3435,0.93,46.49927,1.0,231.80435,-151.74443,0.0,11.0,0.92998546,1.0037422,1.0
0.344,0.93,46.499275,1.0,231.80435,-192.42715,0.0,11.0,0.9299855,1.0037422,1.0
0.3445,0.93,46.49928,1.0,231.80435,-229.01042,0.0,11.0,0.9299856,1.0037422,1.0
0.345,0.93,46.499283,1.0,231.80435,-260.71527,0.0,11.0,0.92998564,1.0037422,1.0
0.3455,0.93,46.499287,1.0,231.80435,-286.86667,0.0,11.0,0.92998576,1.0037422,1.0
0.346,0.93,46.49929,1.0,231.80435,-306.9071,0.0,11.0,0.9299858,1.0037422,1.0
0.3465,0.93,46.4993,1.0,231.80435,-320.409,0.0,11.0,0.92998594,1.0037422,1.0
0.347,0.93,46.499302,1.0,231.80435,-327.08533,0.0,11.0,0.92998606,1.0037422,1.0
0.3475,0.93,46.49931,1.0,231.80435,-326.7942,0.0,11.0,0.9299862,1.0037422,1.0
0.348,0.93,46.499313,1.0,231.80435,-319.542,0.0,11.0,0.9299863,1.0037422,1.0
0.3485,0.93,46.49932,1.0,231.80435,-305.48206,0.0,11.0,0.9299864,1.0037422,1.0
0.349,0.93,46.49933,1.0,231.80435,-284.91437,0.0,11.0,0.92998654,1.0037422,1.0
0.3495,0.93,46.499332,1.0,231.80435,-258.27728,0.0,11.0,0.92998666,1.0037422,1.0
0.35,0.93,46.49934,1.0,231.80435,-226.13902,0.0,11.0,0.92998683,1.0037422,1.0
0.3505,0.93,46.499348,1.0,231.80435,-189.18298,0.0,11.0,0.92998695,1.0037422,1.0
0.351,0.93,46.499355,1.0,231.80435,-148.19656,0.0,11.0,0.92998713,1.0037422,1.0
0.3515,0.93,46.499363,1.0,231.80435,-104.0528,0.0,11.0,0.92998725,1.0037422,1.0
0.352,0.93,46.49937,1.0,231.80435,-57.693413,0.0,11.0,0.92998743,1.0037422,1.0
0.3525,0.93,46.49938,1.0,231.80435,-10.104838,0.0,11.0,0.9299876,1.0037422,1.0
0.353,0.93,46.49939,1.0,231.80435,37.699306,0.0,11.0,0.9299877,1.0037422,1.0
0.3535,0.93,46.499397,1.0,231.80435,84.700836,0.0,11.0,0.9299879,1.0037422,1.0
0.354,0.93,46.499405,1.0,231.80435,129.89735,0.0,11.0,0.9299881,1.0037422,1.0
0.3545,0.93,46.499413,1.0,231.80435,172.32652,0.0,11.0,0.92998827,1.0037422,1.0
0.355,0.93,46.499424,1.0,231.80435,211.08484,0.0,11.0,0.92998844,1.0037422,1.0
0.3555,0.93,46.49943,1.0,231.80435,245.34708,0.0,11.0,0.9299886,1.0037422,1.0
0.356,0.93,46.49944,1.0,231.80435,274.3826,0.0,11.0,0.9299888,1.0037422,1.0
0.3565,0.93,46.49945,1.0,231.80435,297.57245,0.0,11.0,0.929989,1.0037422,1.0
0.357,0.93,46.49946,1.0,231.80435,314.42337,0.0,11.0,0.9299892,1.0037422,1.0
0.3575,0.93,46.49947,1.0,231.80435,324.5766,0.0,11.0,0.9299894,1.0037422,1.0
0.358,0.93,46.499477,1.0,231.80435,327.81586,0.0,11.0,0.9299896,1.0037422,1.0
0.3585,0.93,46.49949,1.0,231.80435,324.07104,0.0,11.0,0.92998976,1.0037422,1.0
0.359,0.93,46.499496,1.0,231.80435,313.4226,0.0,11.0,0.92999,1.0037422,1.0
0.3595,0.93,46.499508,1.0,231.80435,296.0976,0.0,11.0,0.9299902,1.0037422,1.0
0.36,0.93,46.49952,1.0,231.80482,272.46564,0.0,11.0,0.92999035,1.0037444,1.0
0.3605,0.93,46.499527,1.0,231.80482,243.02887,0.0,11.0,0.9299906,1.0037444,1.0
0.361,0.93,46.49954,1.0,231.80482,208.41473,0.0,11.0,0.92999077,1.0037444,1.0
0.3615,0.93,46.49955,1.0,231.80482,169.36061,0.0,11.0,0.92999095,1.0037444,1.0
0.362,0.93,46.499557,1.0,231.80482,126.699585,0.0,11.0,0.9299912,1.0037444,1.0
0.3625,0.93,46.49957,1.0,231.80482,81.33923,0.0,11.0,0.92999136,1.0037444,1.0
0.363,0.93,46.49958,1.0,231.80482,34.245834,0.0,11.0,0.92999154,1.0037444,1.0
0.3635,0.93,46.499588,1.0,231.80482,-13.577503,0.0,11.0,0.9299918,1.0037444,1.0
0.364,0.93,46.4996,1.0,231.80482,-61.110813,0.0,11.0,0.92999196,1.0037444,1.0
0.3645,0.93,46.49961,1.0,231.80482,-107.34229,0.0,11.0,0.9299922,1.0037444,1.0
0.365,0.93,46.49962,1.0,231.80482,-151.28728,0.0,11.0,0.9299924,1.0037444,1.0
0.3655,0.93,46.49963,1.0,231.80482,-192.00998,0.0,11.0,0.9299926,1.0037444,1.0
0.366,0.93,46.49964,1.0,231.80482,-228.642,0.0,11.0,0.9299928,1.0037444,1.0
0.3665,0.93,46.49965,1.0,231.80482,-260.40295,0.0,11.0,0.929993,1.0037444,1.0
0.367,0.93,46.49966,1.0,231.80482,-286.61673,0.0,11.0,0.9299932,1.0037444,1.0
0.3675,0.93,46.49967,1.0,231.80482,-306.72528,0.0,11.0,0.9299934,1.0037444,1.0
0.368,0.93,46.49968,1.0,231.80482,-320.2999,0.0,11.0,0.92999357,1.0037444,1.0
0.3685,0.93,46.49969,1.0,231.80482,-327.0507,0.0,11.0,0.9299938,1.0037444,1.0
0.369,0.93,46.4997,1.0,231.80482,-326.83435,0.0,11.0,0.929994,1.0037444,1.0
0.3695,0.93,46.49971,1.0,231.80482,-319.65585,0.0,11.0,0.92999417,1.0037444,1.0
0.37,0.93,46.499718,1.0,231.80482,-305.6685,0.0,11.0,0.9299944,1.0037444,1.0
0.3705,0.93,46.49973,1.0,231.80482,-285.16888,0.0,11.0,0.9299946,1.0037444,1.0
0.371,0.93,46.499737,1.0,231.80482,-258.5943,0.0,11.0,0.92999476,1.0037444,1.0
0.3715,0.93,46.49975,1.0,231.80482,-226.51083,0.0,11.0,0.92999494,1.0037444,1.0
0.372,0.93,46.499756,1.0,231.80482,-189.60301,0.0,11.0,0.9299951,1.0037444,1.0
0.3725,0.93,46.499767,1.0,231.80482,-148.65576,0.0,11.0,0.92999536,1.0037444,1.0
0.373,0.93,46.499775,1.0,231.80482,-104.54147,0.0,11.0,0.92999554,1.0037444,1.0
0.3735,0.93,46.499786,1.0,231.80482,-58.19975,0.0,11.0,0.9299957,1.0037444,1.0
0.374,0.93,46.499794,1.0,231.80482,-10.619155,0.0,11.0,0.9299959,1.0037444,1.0
0.3745,0.93,46.4998,1.0,231.80482,37.187748,0.0,11.0,0.9299961,1.0037444,1.0
0.375,0.93,46.499813,1.0,231.80482,84.20273,0.0,11.0,0.92999625,1.0037444,1.0
0.3755,0.93,46.49982,1.0,231.80482,129.4245,0.0,11.0,0.92999643,1.0037444,1.0
0.376,0.93,46.49983,1.0,231.80482,171.88858,0.0,11.0,0.9299966,1.0037444,1.0
0.3765,0.93,46.49984,1.0,231.80482,210.69073,0.0,11.0,0.9299968,1.0037444,1.0
0.377,0.93,46.499847,1.0,231.80482,245.00475,0.0,11.0,0.92999697,1.0037444,1.0
0.3775,0.93,46.499855,1.0,231.80482,274.10007,0.0,11.0,0.9299971,1.0037444,1.0
0.378,0.93,46.499863,1.0,231.80482,297.3563,0.0,11.0,0.92999727,1.0037444,1.0
0.3785,0.93,46.49987,1.0,231.80482,314.2774,0.0,11.0,0.92999744,1.0037444,1.0
0.379,0.93,46.499878,1.0,231.80482,324.50366,0.0,11.0,0.9299976,1.0037444,1.0
0.3795,0.93,46.49989,1.0,231.80482,327.81747,0.0,11.0,0.92999774,1.0037444,1.0
0.38,0.93,46.499897,1.0,231.80482,324.14835,0.0,11.0,0.9299979,1.0037444,1.0
0.3805,0.93,46.499905,1.0,231.80482,313.5733,0.0,11.0,0.92999804,1.0037444,1.0
0.381,0.93,46.499912,1.0,231.80482,296.3182,0.0,11.0,0.9299982,1.0037444,1.0
0.3815,0.93,46.499916,1.0,231.80421,272.75085,0.0,11.0,0.92999834,1.0037416,1.0
0.382,0.93,46.499924,1.0,231.80421,243.37395,0.0,11.0,0.9299985,1.0037416,1.0
0.3825,0.93,46.49993,1.0,231.80421,208.81204,0.0,11.0,0.92999864,1.0037416,1.0
0.383,0.93,46.49994,1.0,231.80421,169.80164,0.0,11.0,0.9299988,1.0037416,1.0
0.3835,0.93,46.499947,1.0,231.80421,127.17373,0.0,11.0,0.92999893,1.0037416,1.0
0.384,0.93,46.499954,1.0,231.80421,81.83762,0.0,11.0,0.92999905,1.0037416,1.0
0.3845,0.93,46.499958,1.0,231.80421,34.757946,0.0,11.0,0.9299992,1.0037416,1.0
0.385,0.93,46.499966,1.0,231.80421,-13.062468,0.0,11.0,0.9299993,1.0037416,1.0
0.3855,0.93,46.499973,1.0,231.80421,-60.60507,0.0,11.0,0.9299995,1.0037416,1.0
0.386,0.93,46.499977,1.0,231.80421,-106.85592,0.0,11.0,0.9299996,1.0037416,1.0
0.3865,0.93,46.499985,1.0,231.80421,-150.83034,0.0,11.0,0.9299997,1.0037416,1.0
0.387,0.93,46.49999,1.0,231.80421,-191.59186,0.0,11.0,0.9299998,1.0037416,1.0
0.3875,0.93,46.499996,1.0,231.80421,-228.27248,0.0,11.0,0.92999995,1.0037416,1.0
0.388,0.93,46.5,1.0,231.80421,-260.09012,0.0,11.0,0.93,1.0037416,1.0
0.3885,0.93,46.500008,1.0,231.80421,-286.36658,0.0,11.0,0.9300001,1.0037416,1.0
0.389,0.93,46.50001,1.0,231.80421,-306.5428,0.0,11.0,0.93000025,1.0037416,1.0
0.3895,0.93,46.50002,1.0,231.80421,-320.18924,0.0,11.0,0.93000036,1.0037416,1.0
0.39,0.93,46.500023,1.0,231.80421,-327.0151,0.0,11.0,0.9300004,1.0037416,1.0
0.3905,0.93,46.500027,1.0,231.80421,-326.87402,0.0,11.0,0.93000054,1.0037416,1.0
0.391,0.93,46.50003,1.0,231.80421,-319.7696,0.0,11.0,0.93000066,1.0037416,1.0
0.3915,0.93,46.50004,1.0,231.80421,-305.8534,0.0,11.0,0.9300007,1.0037416,1.0
0.392,0.93,46.500042,1.0,231.80421,-285.4224,0.0,11.0,0.93000084,1.0037416,1.0
0.3925,0.93,46.500046,1.0,231.80421,-258.9106,0.0,11.0,0.9300009,1.0037416,1.0
0.393,0.93,46.50005,1.0,231.80421,-226.88307,0.0,11.0,0.930001,1.0037416,1.0
0.3935,0.93,46.500053,1.0,231.80421,-190.02216,0.0,11.0,0.9300011,1.0037416,1.0
0.394,0.93,46.500057,1.0,231.80421,-149.11427,0.0,11.0,0.93000114,1.0037416,1.0
0.3945,0.93,46.50006,1.0,231.80421,-105.02945,0.0,11.0,0.93000126,1.0037416,1.0
0.395,0.93,46.500065,1.0,231.80421,-58.706963,0.0,11.0,0.9300013,1.0037416,1.0
0.3955,0.93,46.50007,1.0,231.80421,-11.133406,0.0,11.0,0.9300014,1.0037416,1.0
0.396,0.93,46.500072,1.0,231.80421,36.67642,0.0,11.0,0.93000144,1.0037416,1.0
0.3965,0.93,46.500076,1.0,231.80421,83.70499,0.0,11.0,0.9300015,1.0037416,1.0
0.397,0.93,46.50008,1.0,231.80421,128.95065,0.0,11.0,0.93000156,1.0037416,1.0
0.3975,0.93,46.50008,1.0,231.80421,171.44986,0.0,11.0,0.9300016,1.0037416,1.0
0.398,0.93,46.500084,1.0,231.80421,210.29628,0.0,11.0,0.9300017,1.0037416,1.0
0.3985,0.93,46.500088,1.0,231.80421,244.66248,0.0,11.0,0.93000174,1.0037416,1.0
0.399,0.93,46.50009,1.0,231.80421,273.81683,0.0,11.0,0.9300018,1.0037416,1.0
0.3995,0.93,46.50009,1.0,231.80421,297.1387,0.0,11.0,0.93000185,1.0037416,1.0
0.4,0.93,46.500095,1.0,231.80421,314.13077,0.0,11.0,0.9300019,1.0037416,1.0
0.4005,0.93,46.5001,1.0,231.80421,324.4304,0.0,11.0,0.930002,1.0037416,1.0
0.401,0.93,46.5001,1.0,231.80421,327.8188,0.0,11.0,0.930002,1.0037416,1.0
0.4015,0.93,46.500103,1.0,231.80421,324.2241,0.0,11.0,0.93000203,1.0037416,1.0
0.402,0.93,46.500103,1.0,231.80421,313.72308,0.0,11.0,0.9300021,1.0037416,1.0
0.4025,0.93,46.500107,1.0,231.80421,296.5383,0.0,11.0,0.9300021,1.0037416,1.0
0.403,0.93,46.500107,1.0,231.80362,273.03635,0.0,11.0,0.93000215,1.0037391,1.0
0.4035,0.93,46.50011,1.0,231.80362,243.71794,0.0,11.0,0.93000215,1.0037391,1.0
0.404,0.93,46.50011,1.0,231.80362,209.20856,0.0,11.0,0.9300022,1.0037391,1.0
0.4045,0.93,46.50011,1.0,231.80362,170.24203,0.0,11.0,0.9300022,1.0037391,1.0
0.405,0.93,46.500114,1.0,231.80362,127.64865,0.0,11.0,0.9300023,1.0037391,1.0
0.4055,0.93,46.500114,1.0,231.80362,82.335655,0.0,11.0,0.9300023,1.0037391,1.0
0.406,0.93,46.500114,1.0,231.80362,35.26962,0.0,11.0,0.93000233,1.0037391,1.0
0.4065,0.93,46.50012,1.0,231.80362,-12.547909,0.0,11.0,0.93000233,1.0037391,1.0
0.407,0.93,46.50012,1.0,231.80362,-60.098377,0.0,11.0,0.93000233,1.0037391,1.0
0.4075,0.93,46.50012,1.0,231.80362,-106.369095,0.0,11.0,0.9300024,1.0037391,1.0
0.408,0.93,46.50012,1.0,231.80362,-150.37332,0.0,11.0,0.9300024,1.0037391,1.0
0.4085,0.93,46.50012,1.0,231.80362,-191.1739,0.0,11.0,0.9300024,1.0037391,1.0
0.409,0.93,46.50012,1.0,231.80362,-227.90216,0.0,11.0,0.9300024,1.0037391,1.0
0.4095,0.93,46.500122,1.0,231.80362,-259.776,0.0,11.0,0.9300024,1.0037391,1.0
0.41,0.93,46.500122,1.0,231.80362,-286.1159,0.0,11.0,0.9300024,1.0037391,1.0
0.4105,0.93,46.500122,1.0,231.80362,-306.36014,0.0,11.0,0.93000245,1.0037391,1.0
0.411,0.93,46.500122,1.0,231.80362,-320.0782,0.0,11.0,0.93000245,1.0037391,1.0
0.4115,0.93,46.500122,1.0,231.80362,-326.97806,0.0,11.0,0.93000245,1.0037391,1.0
0.412,0.93,46.500122,1.0,231.80362,-326.91287,0.0,11.0,0.93000245,1.0037391,1.0
0.4125,0.93,46.500122,1.0,231.80362,-319.88287,0.0,11.0,0.93000245,1.0037391,1.0
0.413,0.93,46.500122,1.0,231.80362,-306.03842,0.0,11.0,0.93000245,1.0037391,1.0
0.4135,0.93,46.500122,1.0,231.80362,-285.67465,0.0,11.0,0.93000245,1.0037391,1.0
0.414,0.93,46.500122,1.0,231.80362,-259.226,0.0,11.0,0.9300024,1.0037391,1.0
0.4145,0.93,46.500122,1.0,231.80362,-227.25468,0.0,11.0,0.9300024,1.0037391,1.0
0.415,0.93,46.50012,1.0,231.80362,-190.44197,0.0,11.0,0.9300024,1.0037391,1.0
0.4155,0.93,46.50012,1.0,231.80362,-149.57207,0.0,11.0,0.9300024,1.0037391,1.0
0.416,0.93,46.50012,1.0,231.80362,-105.51688,0.0,11.0,0.9300024,1.0037391,1.0
0.4165,0.93,46.50012,1.0,231.80362,-59.213596,0.0,11.0,0.9300024,1.0037391,1.0
0.417,0.93,46.50012,1.0,231.80362,-11.64864,0.0,11.0,0.93000233,1.0037391,1.0
0.4175,0.93,46.50012,1.0,231.80362,36.164963,0.0,11.0,0.93000233,1.0037391,1.0
0.418,0.93,46.50012,1.0,231.80362,83.20736,0.0,11.0,0.93000233,1.0037391,1.0
0.4185,0.93,46.500114,1.0,231.80362,128.47714,0.0,11.0,0.93000233,1.0037391,1.0
0.419,0.93,46.500114,1.0,231.80362,171.01021,0.0,11.0,0.9300023,1.0037391,1.0
0.4195,0.93,46.500114,1.0,231.80362,209.9009,0.0,11.0,0.9300023,1.0037391,1.0
0.42,0.93,46.500114,1.0,231.80362,244.3198,0.0,11.0,0.9300023,1.0037391,1.0
0.4205,0.93,46.50011,1.0,231.80362,273.5336,0.0,11.0,0.9300022,1.0037391,1.0
0.421,0.93,46.50011,1.0,231.80362,296.92047,0.0,11.0,0.9300022,1.0037391,1.0
0.4215,0.93,46.50011,1.0,231.80362,313.9827,0.0,11.0,0.9300022,1.0037391,1.0
0.422,0.93,46.500107,1.0,231.80362,324.35638,0.0,11.0,0.93000215,1.0037391,1.0
0.4225,0.93,46.500107,1.0,231.80362,327.8198,0.0,11.0,0.93000215,1.0037391,1.0
0.423,0.93,46.500107,1.0,231.80362,324.29974,0.0,11.0,0.93000215,1.0037391,1.0
0.4235,0.93,46.500107,1.0,231.80362,313.87146,0.0,11.0,0.9300021,1.0037391,1.0
0.424,0.93,46.500103,1.0,231.80362,296.75754,0.0,11.0,0.9300021,1.0037391,1.0
0.4245,0.93,46.500103,1.0,231.80342,273.3213,0.0,11.0,0.93000203,1.0037383,1.0
0.425,0.93,46.5001,1.0,231.80342,244.06236,0.0,11.0,0.93000203,1.0037383,1.0
0.4255,0.93,46.5001,1.0,231.80342,209.60416,0.0,11.0,0.930002,1.0037383,1.0
0.426,0.93,46.5001,1.0,231.80342,170.68173,0.0,11.0,0.930002,1.0037383,1.0
0.4265,0.93,46.500095,1.0,231.80342,128.12294,0.0,11.0,0.9300019,1.0037383,1.0
0.427,0.93,46.500095,1.0,231.80342,82.83453,0.0,11.0,0.9300019,1.0037383,1.0
0.4275,0.93,46.500095,1.0,231.80342,35.781143,0.0,11.0,0.93000185,1.0037383,1.0
0.428,0.93,46.50009,1.0,231.80342,-12.033605,0.0,11.0,0.93000185,1.0037383,1.0
0.4285,0.93,46.50009,1.0,231.80342,-59.59211,0.0,11.0,0.9300018,1.0037383,1.0
0.429,0.93,46.500088,1.0,231.80342,-105.88138,0.0,11.0,0.9300018,1.0037383,1.0
0.4295,0.93,46.500088,1.0,231.80342,-149.91557,0.0,11.0,0.93000174,1.0037383,1.0
0.43,0.93,46.500088,1.0,231.80342,-190.75574,0.0,11.0,0.93000174,1.0037383,1.0
0.4305,0.93,46.500084,1.0,231.80342,-227.53194,0.0,11.0,0.9300017,1.0037383,1.0
0.431,0.93,46.500084,1.0,231.80342,-259.46127,0.0,11.0,0.9300017,1.0037383,1.0
0.4315,0.93,46.50008,1.0,231.80342,-285.86383,0.0,11.0,0.9300016,1.0037383,1.0
0.432,0.93,46.50008,1.0,231.80342,-306.17685,0.0,11.0,0.9300016,1.0037383,1.0
0.4325,0.93,46.50008,1.0,231.80342,-319.96683,0.0,11.0,0.93000156,1.0037383,1.0
0.433,0.93,46.500076,1.0,231.80342,-326.9407,0.0,11.0,0.93000156,1.0037383,1.0
0.4335,0.93,46.500076,1.0,231.80342,-326.95016,0.0,11.0,0.9300015,1.0037383,1.0
0.434,0.93,46.500072,1.0,231.80342,-319.9953,0.0,11.0,0.93000144,1.0037383,1.0
0.4345,0.93,46.500072,1.0,231.80342,-306.22296,0.0,11.0,0.93000144,1.0037383,1.0
0.435,0.93,46.50007,1.0,231.80342,-285.92712,0.0,11.0,0.9300014,1.0037383,1.0
0.4355,0.93,46.50007,1.0,231.80342,-259.54028,0.0,11.0,0.9300014,1.0037383,1.0
0.436,0.93,46.500065,1.0,231.80342,-227.62549,0.0,11.0,0.9300013,1.0037383,1.0
0.4365,0.93,46.500065,1.0,231.80342,-190.8611,0.0,11.0,0.9300013,1.0037383,1.0
0.437,0.93,46.500065,1.0,231.80342,-150.03062,0.0,11.0,0.93000126,1.0037383,1.0
0.4375,0.93,46.50006,1.0,231.80342,-106.00377,0.0,11.0,0.93000126,1.0037383,1.0
0.438,0.93,46.50006,1.0,231.80342,-59.71974,0.0,11.0,0.9300012,1.0037383,1.0
0.4385,0.93,46.500057,1.0,231.80342,-12.163307,0.0,11.0,0.93000114,1.0037383,1.0
0.439,0.93,46.500057,1.0,231.80342,35.652534,0.0,11.0,0.93000114,1.0037383,1.0
0.4395,0.93,46.500053,1.0,231.80342,82.70939,0.0,11.0,0.9300011,1.0037383,1.0
0.44,0.93,46.500053,1.0,231.80342,128.0036,0.0,11.0,0.9300011,1.0037383,1.0
0.4405,0.93,46.500053,1.0,231.80342,170.57083,0.0,11.0,0.930001,1.0037383,1.0
0.441,0.93,46.50005,1.0,231.80342,209.50464,0.0,11.0,0.930001,1.0037383,1.0
0.4415,0.93,46.50005,1.0,231.80342,243.97603,0.0,11.0,0.93000096,1.0037383,1.0
0.442,0.93,46.500046,1.0,231.80342,273.24985,0.0,11.0,0.93000096,1.0037383,1.0
0.4425,0.93,46.500046,1.0,231.80342,296.7022,0.0,11.0,0.9300009,1.0037383,1.0
0.443,0.93,46.500042,1.0,231.80342,313.83408,0.0,11.0,0.9300009,1.0037383,1.0
0.4435,0.93,46.500042,1.0,231.80342,324.28088,0.0,11.0,0.93000084,1.0037383,1.0
0.444,0.93,46.500042,1.0,231.80342,327.81995,0.0,11.0,0.93000084,1.0037383,1.0
0.4445,0.93,46.50004,1.0,231.80342,324.37497,0.0,11.0,0.9300008,1.0037383,1.0
0.445,0.93,46.50004,1.0,231.80342,314.0198,0.0,11.0,0.9300007,1.0037383,1.0
0.4455,0.93,46.500034,1.0,231.80342,296.9754,0.0,11.0,0.9300007,1.0037383,1.0
0.446,0.93,46.500034,1.0,231.80348,273.6053,0.0,11.0,0.93000066,1.0037385,1.0
0.4465,0.93,46.500034,1.0,231.80348,244.40616,0.0,11.0,0.93000066,1.0037385,1.0
0.447,0.93,46.50003,1.0,231.80348,210.00026,0.0,11.0,0.9300006,1.0037385,1.0
0.4475,0.93,46.50003,1.0,231.80348,171.12064,0.0,11.0,0.9300006,1.0037385,1.0
0.448,0.93,46.50003,1.0,231.80348,128.59659,0.0,11.0,0.9300006,1.0037385,1.0
0.4485,0.93,46.500027,1.0,231.80348,83.332794,0.0,11.0,0.93000054,1.0037385,1.0
0.449,0.93,46.500027,1.0,231.80348,36.293514,0.0,11.0,0.93000054,1.0037385,1.0
0.4495,0.93,46.500023,1.0,231.80348,-11.519334,0.0,11.0,0.9300005,1.0037385,1.0
